time_lsl,t_device,x_mG,y_mG,z_mG,device,seq,fs,range_g
222967.4320309331,1756024859.741545,-805,61,482,H10,1,50.0,4
222967.45203093308,1756024859.741545,-811,69,477,H10,1,50.0,4
222967.4720309331,1756024859.741545,-807,64,473,H10,1,50.0,4
222967.4920309331,1756024859.741545,-795,63,479,H10,1,50.0,4
222967.51203093308,1756024859.741545,-793,64,485,H10,1,50.0,4
222967.5320309331,1756024859.741545,-799,65,482,H10,1,50.0,4
222967.5520309331,1756024859.741545,-806,63,479,H10,1,50.0,4
222967.5720309331,1756024859.741545,-807,63,478,H10,1,50.0,4
222967.5920309331,1756024859.741545,-801,56,480,H10,1,50.0,4
222967.6120309331,1756024859.741545,-802,55,481,H10,1,50.0,4
222967.6320309331,1756024859.741545,-802,57,480,H10,1,50.0,4
222967.6520309331,1756024859.741545,-801,60,482,H10,1,50.0,4
222967.67203093308,1756024859.741545,-800,60,484,H10,1,50.0,4
222967.6920309331,1756024859.741545,-800,61,484,H10,1,50.0,4
222967.7120309331,1756024859.741545,-801,58,488,H10,1,50.0,4
222967.73203093308,1756024859.741545,-805,63,484,H10,1,50.0,4
222967.7520309331,1756024859.741545,-802,61,479,H10,1,50.0,4
222967.7720309331,1756024859.741545,-795,62,485,H10,1,50.0,4
222967.79203093308,1756024859.741545,-795,62,488,H10,1,50.0,4
222967.8120309331,1756024859.741545,-797,63,489,H10,1,50.0,4
222967.8320309331,1756024859.741545,-799,64,488,H10,1,50.0,4
222967.8520309331,1756024859.741545,-799,62,484,H10,1,50.0,4
222967.8720309331,1756024859.741545,-798,64,483,H10,1,50.0,4
222967.8920309331,1756024859.741545,-798,62,483,H10,1,50.0,4
222967.9120309331,1756024859.741545,-796,63,484,H10,1,50.0,4
222967.9320309331,1756024859.741545,-795,60,485,H10,1,50.0,4
222967.95203093308,1756024859.741545,-795,61,485,H10,1,50.0,4
222967.9720309331,1756024859.741545,-795,65,487,H10,1,50.0,4
222967.9920309331,1756024859.741545,-798,65,490,H10,1,50.0,4
222968.01203093308,1756024859.741545,-798,66,488,H10,1,50.0,4
222968.0320309331,1756024859.741545,-796,65,488,H10,1,50.0,4
222968.0520309331,1756024859.741545,-795,61,488,H10,1,50.0,4
222968.0720309331,1756024859.741545,-794,62,489,H10,1,50.0,4
222968.0920309331,1756024859.741545,-794,62,491,H10,1,50.0,4
222968.1120309331,1756024859.741545,-794,64,491,H10,1,50.0,4
222968.1320309331,1756024859.741545,-794,63,493,H10,1,50.0,4
222967.6312539218,1756024859.956891,-794,64,491,H10,2,50.0,4
222967.6512539218,1756024859.956891,-795,65,491,H10,2,50.0,4
222967.6712539218,1756024859.956891,-793,65,491,H10,2,50.0,4
222967.6912539218,1756024859.956891,-793,66,492,H10,2,50.0,4
222967.7112539218,1756024859.956891,-793,66,494,H10,2,50.0,4
222967.7312539218,1756024859.956891,-794,64,490,H10,2,50.0,4
222967.7512539218,1756024859.956891,-795,67,490,H10,2,50.0,4
222967.77125392182,1756024859.956891,-796,65,489,H10,2,50.0,4
222967.7912539218,1756024859.956891,-797,62,487,H10,2,50.0,4
222967.8112539218,1756024859.956891,-792,59,484,H10,2,50.0,4
222967.83125392182,1756024859.956891,-783,64,498,H10,2,50.0,4
222967.8512539218,1756024859.956891,-790,69,489,H10,2,50.0,4
222967.8712539218,1756024859.956891,-789,68,484,H10,2,50.0,4
222967.8912539218,1756024859.956891,-783,68,492,H10,2,50.0,4
222967.9112539218,1756024859.956891,-786,67,498,H10,2,50.0,4
222967.9312539218,1756024859.956891,-794,66,489,H10,2,50.0,4
222967.9512539218,1756024859.956891,-795,68,480,H10,2,50.0,4
222967.9712539218,1756024859.956891,-789,67,480,H10,2,50.0,4
222967.9912539218,1756024859.956891,-788,64,488,H10,2,50.0,4
222968.0112539218,1756024859.956891,-789,66,493,H10,2,50.0,4
222968.0312539218,1756024859.956891,-791,68,494,H10,2,50.0,4
222968.05125392182,1756024859.956891,-792,71,495,H10,2,50.0,4
222968.0712539218,1756024859.956891,-797,69,494,H10,2,50.0,4
222968.0912539218,1756024859.956891,-794,67,493,H10,2,50.0,4
222968.11125392182,1756024859.956891,-794,68,494,H10,2,50.0,4
222968.1312539218,1756024859.956891,-798,65,489,H10,2,50.0,4
222968.1512539218,1756024859.956891,-797,65,485,H10,2,50.0,4
222968.1712539218,1756024859.956891,-789,64,492,H10,2,50.0,4
222968.1912539218,1756024859.956891,-789,66,493,H10,2,50.0,4
222968.2112539218,1756024859.956891,-793,66,492,H10,2,50.0,4
222968.2312539218,1756024859.956891,-794,67,490,H10,2,50.0,4
222968.2512539218,1756024859.956891,-795,68,487,H10,2,50.0,4
222968.27125392182,1756024859.956891,-795,67,489,H10,2,50.0,4
222968.2912539218,1756024859.956891,-796,65,486,H10,2,50.0,4
222968.3112539218,1756024859.956891,-795,64,485,H10,2,50.0,4
222968.33125392182,1756024859.956891,-795,66,487,H10,2,50.0,4
222968.35619555824,1756024860.6786861,-793,67,490,H10,3,50.0,4
222968.37619555823,1756024860.6786861,-795,65,492,H10,3,50.0,4
222968.39619555825,1756024860.6786861,-796,66,491,H10,3,50.0,4
222968.41619555824,1756024860.6786861,-797,64,488,H10,3,50.0,4
222968.43619555823,1756024860.6786861,-796,66,489,H10,3,50.0,4
222968.45619555825,1756024860.6786861,-794,66,487,H10,3,50.0,4
222968.47619555824,1756024860.6786861,-797,66,487,H10,3,50.0,4
222968.49619555825,1756024860.6786861,-796,65,486,H10,3,50.0,4
222968.51619555824,1756024860.6786861,-795,68,485,H10,3,50.0,4
222968.53619555823,1756024860.6786861,-795,66,484,H10,3,50.0,4
222968.55619555825,1756024860.6786861,-795,65,483,H10,3,50.0,4
222968.57619555824,1756024860.6786861,-796,62,484,H10,3,50.0,4
222968.59619555823,1756024860.6786861,-796,65,485,H10,3,50.0,4
222968.61619555825,1756024860.6786861,-798,67,488,H10,3,50.0,4
222968.63619555824,1756024860.6786861,-797,66,485,H10,3,50.0,4
222968.65619555823,1756024860.6786861,-797,65,486,H10,3,50.0,4
222968.67619555825,1756024860.6786861,-803,67,481,H10,3,50.0,4
222968.69619555824,1756024860.6786861,-802,65,480,H10,3,50.0,4
222968.71619555823,1756024860.6786861,-798,59,484,H10,3,50.0,4
222968.73619555825,1756024860.6786861,-796,56,488,H10,3,50.0,4
222968.75619555824,1756024860.6786861,-799,62,484,H10,3,50.0,4
222968.77619555825,1756024860.6786861,-802,62,476,H10,3,50.0,4
222968.79619555824,1756024860.6786861,-798,63,483,H10,3,50.0,4
222968.81619555823,1756024860.6786861,-794,69,486,H10,3,50.0,4
222968.83619555825,1756024860.6786861,-801,68,484,H10,3,50.0,4
222968.85619555824,1756024860.6786861,-807,66,475,H10,3,50.0,4
222968.87619555823,1756024860.6786861,-807,66,477,H10,3,50.0,4
222968.89619555825,1756024860.6786861,-802,65,477,H10,3,50.0,4
222968.91619555824,1756024860.6786861,-797,65,478,H10,3,50.0,4
222968.93619555823,1756024860.6786861,-799,64,481,H10,3,50.0,4
222968.95619555825,1756024860.6786861,-800,68,482,H10,3,50.0,4
222968.97619555824,1756024860.6786861,-804,67,483,H10,3,50.0,4
222968.99619555825,1756024860.6786861,-804,66,479,H10,3,50.0,4
222969.01619555824,1756024860.6786861,-804,65,480,H10,3,50.0,4
222969.03619555823,1756024860.6786861,-804,64,481,H10,3,50.0,4
222969.05619555825,1756024860.6786861,-804,60,477,H10,3,50.0,4
222969.07420172883,1756024861.398048,-797,60,480,H10,4,50.0,4
222969.09420172882,1756024861.398048,-796,60,481,H10,4,50.0,4
222969.11420172884,1756024861.398048,-800,61,484,H10,4,50.0,4
222969.13420172883,1756024861.398048,-804,63,481,H10,4,50.0,4
222969.15420172882,1756024861.398048,-803,59,480,H10,4,50.0,4
222969.17420172883,1756024861.398048,-804,60,478,H10,4,50.0,4
222969.19420172882,1756024861.398048,-803,61,476,H10,4,50.0,4
222969.21420172884,1756024861.398048,-802,59,475,H10,4,50.0,4
222969.23420172883,1756024861.398048,-800,62,476,H10,4,50.0,4
222969.25420172882,1756024861.398048,-798,62,478,H10,4,50.0,4
222969.27420172884,1756024861.398048,-798,62,478,H10,4,50.0,4
222969.29420172883,1756024861.398048,-799,63,480,H10,4,50.0,4
222969.31420172882,1756024861.398048,-804,64,480,H10,4,50.0,4
222969.33420172884,1756024861.398048,-802,67,476,H10,4,50.0,4
222969.35420172883,1756024861.398048,-803,66,477,H10,4,50.0,4
222969.37420172882,1756024861.398048,-801,66,475,H10,4,50.0,4
222969.39420172884,1756024861.398048,-799,66,477,H10,4,50.0,4
222969.41420172882,1756024861.398048,-800,66,475,H10,4,50.0,4
222969.4342017288,1756024861.398048,-802,64,477,H10,4,50.0,4
222969.45420172883,1756024861.398048,-800,64,478,H10,4,50.0,4
222969.47420172882,1756024861.398048,-800,63,478,H10,4,50.0,4
222969.49420172884,1756024861.398048,-802,64,479,H10,4,50.0,4
222969.51420172883,1756024861.398048,-801,65,478,H10,4,50.0,4
222969.53420172882,1756024861.398048,-804,66,477,H10,4,50.0,4
222969.55420172884,1756024861.398048,-803,65,478,H10,4,50.0,4
222969.57420172883,1756024861.398048,-799,65,478,H10,4,50.0,4
222969.59420172882,1756024861.398048,-801,64,477,H10,4,50.0,4
222969.61420172884,1756024861.398048,-808,64,471,H10,4,50.0,4
222969.63420172883,1756024861.398048,-800,63,473,H10,4,50.0,4
222969.65420172882,1756024861.398048,-798,56,479,H10,4,50.0,4
222969.67420172883,1756024861.398048,-799,57,480,H10,4,50.0,4
222969.69420172882,1756024861.398048,-804,66,476,H10,4,50.0,4
222969.71420172884,1756024861.398048,-803,63,470,H10,4,50.0,4
222969.73420172883,1756024861.398048,-795,67,479,H10,4,50.0,4
222969.75420172882,1756024861.398048,-795,67,484,H10,4,50.0,4
222969.77420172884,1756024861.398048,-805,67,476,H10,4,50.0,4
222969.79471736087,1756024862.116689,-810,63,471,H10,5,50.0,4
222969.81471736086,1756024862.116689,-806,60,471,H10,5,50.0,4
222969.83471736088,1756024862.116689,-798,60,475,H10,5,50.0,4
222969.85471736087,1756024862.116689,-798,63,478,H10,5,50.0,4
222969.87471736086,1756024862.116689,-803,64,479,H10,5,50.0,4
222969.89471736088,1756024862.116689,-803,67,479,H10,5,50.0,4
222969.91471736087,1756024862.116689,-802,64,477,H10,5,50.0,4
222969.93471736088,1756024862.116689,-801,63,476,H10,5,50.0,4
222969.95471736087,1756024862.116689,-802,60,477,H10,5,50.0,4
222969.97471736086,1756024862.116689,-805,61,476,H10,5,50.0,4
222969.99471736088,1756024862.116689,-802,59,475,H10,5,50.0,4
222970.01471736087,1756024862.116689,-797,60,477,H10,5,50.0,4
222970.03471736086,1756024862.116689,-800,62,479,H10,5,50.0,4
222970.05471736088,1756024862.116689,-803,63,479,H10,5,50.0,4
222970.07471736087,1756024862.116689,-804,64,480,H10,5,50.0,4
222970.09471736086,1756024862.116689,-805,63,477,H10,5,50.0,4
222970.11471736088,1756024862.116689,-807,63,473,H10,5,50.0,4
222970.13471736087,1756024862.116689,-802,65,469,H10,5,50.0,4
222970.15471736086,1756024862.116689,-799,61,471,H10,5,50.0,4
222970.17471736087,1756024862.116689,-799,64,474,H10,5,50.0,4
222970.19471736086,1756024862.116689,-799,65,476,H10,5,50.0,4
222970.21471736088,1756024862.116689,-801,63,479,H10,5,50.0,4
222970.23471736087,1756024862.116689,-802,65,479,H10,5,50.0,4
222970.25471736086,1756024862.116689,-802,66,476,H10,5,50.0,4
222970.27471736088,1756024862.116689,-803,67,477,H10,5,50.0,4
222970.29471736087,1756024862.116689,-801,66,476,H10,5,50.0,4
222970.31471736086,1756024862.116689,-803,62,476,H10,5,50.0,4
222970.33471736088,1756024862.116689,-803,62,477,H10,5,50.0,4
222970.35471736087,1756024862.116689,-802,62,476,H10,5,50.0,4
222970.37471736086,1756024862.116689,-801,61,475,H10,5,50.0,4
222970.39471736088,1756024862.116689,-800,61,475,H10,5,50.0,4
222970.41471736087,1756024862.116689,-800,62,477,H10,5,50.0,4
222970.43471736088,1756024862.116689,-802,60,478,H10,5,50.0,4
222970.45471736087,1756024862.116689,-802,63,479,H10,5,50.0,4
222970.47471736086,1756024862.116689,-805,63,478,H10,5,50.0,4
222970.49471736088,1756024862.116689,-803,65,477,H10,5,50.0,4
222970.51322803195,1756024862.8366919,-802,63,480,H10,6,50.0,4
222970.53322803194,1756024862.8366919,-799,61,479,H10,6,50.0,4
222970.55322803196,1756024862.8366919,-807,63,473,H10,6,50.0,4
222970.57322803195,1756024862.8366919,-807,65,466,H10,6,50.0,4
222970.59322803194,1756024862.8366919,-799,59,478,H10,6,50.0,4
222970.61322803196,1756024862.8366919,-799,56,482,H10,6,50.0,4
222970.63322803195,1756024862.8366919,-804,66,481,H10,6,50.0,4
222970.65322803197,1756024862.8366919,-805,67,469,H10,6,50.0,4
222970.67322803196,1756024862.8366919,-800,64,471,H10,6,50.0,4
222970.69322803195,1756024862.8366919,-793,66,481,H10,6,50.0,4
222970.71322803196,1756024862.8366919,-801,67,480,H10,6,50.0,4
222970.73322803195,1756024862.8366919,-808,64,473,H10,6,50.0,4
222970.75322803194,1756024862.8366919,-808,61,470,H10,6,50.0,4
222970.77322803196,1756024862.8366919,-802,62,473,H10,6,50.0,4
222970.79322803195,1756024862.8366919,-801,63,477,H10,6,50.0,4
222970.81322803194,1756024862.8366919,-804,66,479,H10,6,50.0,4
222970.83322803196,1756024862.8366919,-802,65,480,H10,6,50.0,4
222970.85322803195,1756024862.8366919,-802,64,479,H10,6,50.0,4
222970.87322803194,1756024862.8366919,-802,65,478,H10,6,50.0,4
222970.89322803196,1756024862.8366919,-805,63,477,H10,6,50.0,4
222970.91322803195,1756024862.8366919,-807,61,479,H10,6,50.0,4
222970.93322803196,1756024862.8366919,-809,61,476,H10,6,50.0,4
222970.95322803195,1756024862.8366919,-802,57,479,H10,6,50.0,4
222970.97322803194,1756024862.8366919,-797,61,481,H10,6,50.0,4
222970.99322803196,1756024862.8366919,-799,63,478,H10,6,50.0,4
222971.01322803195,1756024862.8366919,-801,63,480,H10,6,50.0,4
222971.03322803194,1756024862.8366919,-801,62,483,H10,6,50.0,4
222971.05322803196,1756024862.8366919,-801,61,479,H10,6,50.0,4
222971.07322803195,1756024862.8366919,-803,61,478,H10,6,50.0,4
222971.09322803194,1756024862.8366919,-804,56,476,H10,6,50.0,4
222971.11322803196,1756024862.8366919,-802,62,478,H10,6,50.0,4
222971.13322803195,1756024862.8366919,-800,65,479,H10,6,50.0,4
222971.15322803197,1756024862.8366919,-800,64,478,H10,6,50.0,4
222971.17322803196,1756024862.8366919,-799,64,479,H10,6,50.0,4
222971.19322803195,1756024862.8366919,-801,62,482,H10,6,50.0,4
222971.21322803196,1756024862.8366919,-802,64,484,H10,6,50.0,4
222971.23186978715,1756024863.556336,-800,65,480,H10,7,50.0,4
222971.25186978714,1756024863.556336,-799,64,479,H10,7,50.0,4
222971.27186978716,1756024863.556336,-798,65,482,H10,7,50.0,4
222971.29186978715,1756024863.556336,-798,63,482,H10,7,50.0,4
222971.31186978714,1756024863.556336,-799,63,483,H10,7,50.0,4
222971.33186978716,1756024863.556336,-799,67,482,H10,7,50.0,4
222971.35186978715,1756024863.556336,-799,65,481,H10,7,50.0,4
222971.37186978717,1756024863.556336,-798,64,484,H10,7,50.0,4
222971.39186978716,1756024863.556336,-797,64,485,H10,7,50.0,4
222971.41186978715,1756024863.556336,-798,63,483,H10,7,50.0,4
222971.43186978716,1756024863.556336,-798,62,483,H10,7,50.0,4
222971.45186978715,1756024863.556336,-797,67,483,H10,7,50.0,4
222971.47186978714,1756024863.556336,-796,65,484,H10,7,50.0,4
222971.49186978716,1756024863.556336,-795,65,484,H10,7,50.0,4
222971.51186978715,1756024863.556336,-798,66,486,H10,7,50.0,4
222971.53186978714,1756024863.556336,-801,67,483,H10,7,50.0,4
222971.55186978716,1756024863.556336,-798,64,483,H10,7,50.0,4
222971.57186978715,1756024863.556336,-798,61,481,H10,7,50.0,4
222971.59186978714,1756024863.556336,-792,63,490,H10,7,50.0,4
222971.61186978716,1756024863.556336,-794,68,484,H10,7,50.0,4
222971.63186978715,1756024863.556336,-795,69,480,H10,7,50.0,4
222971.65186978717,1756024863.556336,-789,67,489,H10,7,50.0,4
222971.67186978715,1756024863.556336,-790,68,493,H10,7,50.0,4
222971.69186978714,1756024863.556336,-801,68,487,H10,7,50.0,4
222971.71186978716,1756024863.556336,-802,68,483,H10,7,50.0,4
222971.73186978715,1756024863.556336,-798,65,483,H10,7,50.0,4
222971.75186978714,1756024863.556336,-792,60,486,H10,7,50.0,4
222971.77186978716,1756024863.556336,-791,63,488,H10,7,50.0,4
222971.79186978715,1756024863.556336,-792,68,489,H10,7,50.0,4
222971.81186978714,1756024863.556336,-794,68,493,H10,7,50.0,4
222971.83186978716,1756024863.556336,-795,72,494,H10,7,50.0,4
222971.85186978715,1756024863.556336,-795,68,492,H10,7,50.0,4
222971.87186978717,1756024863.556336,-793,67,497,H10,7,50.0,4
222971.89186978716,1756024863.556336,-799,65,493,H10,7,50.0,4
222971.91186978715,1756024863.556336,-796,62,482,H10,7,50.0,4
222971.93186978716,1756024863.556336,-788,64,494,H10,7,50.0,4
222971.9535837534,1756024864.275679,-789,66,497,H10,8,50.0,4
222971.9735837534,1756024864.275679,-792,70,497,H10,8,50.0,4
222971.9935837534,1756024864.275679,-793,68,493,H10,8,50.0,4
222972.0135837534,1756024864.275679,-791,68,490,H10,8,50.0,4
222972.0335837534,1756024864.275679,-791,66,489,H10,8,50.0,4
222972.0535837534,1756024864.275679,-789,64,488,H10,8,50.0,4
222972.0735837534,1756024864.275679,-787,66,489,H10,8,50.0,4
222972.09358375342,1756024864.275679,-787,65,485,H10,8,50.0,4
222972.1135837534,1756024864.275679,-787,65,485,H10,8,50.0,4
222972.1335837534,1756024864.275679,-787,64,486,H10,8,50.0,4
222972.15358375342,1756024864.275679,-789,68,486,H10,8,50.0,4
222972.1735837534,1756024864.275679,-791,70,490,H10,8,50.0,4
222972.1935837534,1756024864.275679,-793,71,488,H10,8,50.0,4
222972.21358375342,1756024864.275679,-792,70,488,H10,8,50.0,4
222972.2335837534,1756024864.275679,-793,70,493,H10,8,50.0,4
222972.2535837534,1756024864.275679,-792,69,495,H10,8,50.0,4
222972.2735837534,1756024864.275679,-792,70,495,H10,8,50.0,4
222972.2935837534,1756024864.275679,-792,70,493,H10,8,50.0,4
222972.3135837534,1756024864.275679,-792,66,493,H10,8,50.0,4
222972.3335837534,1756024864.275679,-792,68,492,H10,8,50.0,4
222972.3535837534,1756024864.275679,-793,70,492,H10,8,50.0,4
222972.37358375342,1756024864.275679,-793,68,492,H10,8,50.0,4
222972.3935837534,1756024864.275679,-792,71,494,H10,8,50.0,4
222972.4135837534,1756024864.275679,-794,69,491,H10,8,50.0,4
222972.43358375342,1756024864.275679,-794,66,490,H10,8,50.0,4
222972.4535837534,1756024864.275679,-797,71,490,H10,8,50.0,4
222972.4735837534,1756024864.275679,-799,69,485,H10,8,50.0,4
222972.4935837534,1756024864.275679,-797,64,485,H10,8,50.0,4
222972.5135837534,1756024864.275679,-792,61,486,H10,8,50.0,4
222972.5335837534,1756024864.275679,-788,67,498,H10,8,50.0,4
222972.5535837534,1756024864.275679,-794,68,491,H10,8,50.0,4
222972.5735837534,1756024864.275679,-795,67,483,H10,8,50.0,4
222972.59358375342,1756024864.275679,-791,69,491,H10,8,50.0,4
222972.6135837534,1756024864.275679,-791,71,495,H10,8,50.0,4
222972.6335837534,1756024864.275679,-799,69,485,H10,8,50.0,4
222972.65358375342,1756024864.275679,-798,70,481,H10,8,50.0,4
222972.62943317412,1756024864.951326,-797,68,484,H10,9,50.0,4
222972.6494331741,1756024864.951326,-793,67,487,H10,9,50.0,4
222972.66943317413,1756024864.951326,-793,64,488,H10,9,50.0,4
222972.68943317412,1756024864.951326,-794,66,489,H10,9,50.0,4
222972.7094331741,1756024864.951326,-794,70,487,H10,9,50.0,4
222972.72943317413,1756024864.951326,-796,67,484,H10,9,50.0,4
222972.74943317412,1756024864.951326,-796,63,487,H10,9,50.0,4
222972.76943317414,1756024864.951326,-797,63,493,H10,9,50.0,4
222972.78943317413,1756024864.951326,-802,67,489,H10,9,50.0,4
222972.80943317412,1756024864.951326,-800,63,484,H10,9,50.0,4
222972.82943317413,1756024864.951326,-792,71,486,H10,9,50.0,4
222972.84943317412,1756024864.951326,-793,74,488,H10,9,50.0,4
222972.8694331741,1756024864.951326,-797,75,484,H10,9,50.0,4
222972.88943317413,1756024864.951326,-800,75,481,H10,9,50.0,4
222972.90943317412,1756024864.951326,-801,76,479,H10,9,50.0,4
222972.9294331741,1756024864.951326,-800,76,480,H10,9,50.0,4
222972.94943317413,1756024864.951326,-799,73,481,H10,9,50.0,4
222972.96943317412,1756024864.951326,-796,70,483,H10,9,50.0,4
222972.9894331741,1756024864.951326,-794,64,488,H10,9,50.0,4
222973.00943317413,1756024864.951326,-793,59,489,H10,9,50.0,4
222973.02943317412,1756024864.951326,-794,57,487,H10,9,50.0,4
222973.04943317414,1756024864.951326,-794,50,485,H10,9,50.0,4
222973.06943317413,1756024864.951326,-795,48,485,H10,9,50.0,4
222973.08943317411,1756024864.951326,-798,43,485,H10,9,50.0,4
222973.10943317413,1756024864.951326,-798,42,485,H10,9,50.0,4
222973.12943317412,1756024864.951326,-802,43,487,H10,9,50.0,4
222973.1494331741,1756024864.951326,-802,48,484,H10,9,50.0,4
222973.16943317413,1756024864.951326,-803,50,480,H10,9,50.0,4
222973.18943317412,1756024864.951326,-801,55,481,H10,9,50.0,4
222973.2094331741,1756024864.951326,-799,58,478,H10,9,50.0,4
222973.22943317413,1756024864.951326,-797,63,476,H10,9,50.0,4
222973.24943317412,1756024864.951326,-799,63,477,H10,9,50.0,4
222973.26943317414,1756024864.951326,-800,65,479,H10,9,50.0,4
222973.28943317413,1756024864.951326,-800,66,480,H10,9,50.0,4
222973.30943317412,1756024864.951326,-799,68,479,H10,9,50.0,4
222973.32943317413,1756024864.951326,-799,69,480,H10,9,50.0,4
222973.35262218385,1756024865.67086,-798,68,483,H10,10,50.0,4
222973.37262218384,1756024865.67086,-798,64,484,H10,10,50.0,4
222973.39262218386,1756024865.67086,-800,62,484,H10,10,50.0,4
222973.41262218385,1756024865.67086,-807,61,475,H10,10,50.0,4
222973.43262218384,1756024865.67086,-798,54,478,H10,10,50.0,4
222973.45262218386,1756024865.67086,-799,49,479,H10,10,50.0,4
222973.47262218385,1756024865.67086,-798,53,483,H10,10,50.0,4
222973.49262218387,1756024865.67086,-802,54,477,H10,10,50.0,4
222973.51262218386,1756024865.67086,-806,48,469,H10,10,50.0,4
222973.53262218385,1756024865.67086,-796,53,479,H10,10,50.0,4
222973.55262218387,1756024865.67086,-794,57,482,H10,10,50.0,4
222973.57262218386,1756024865.67086,-800,56,476,H10,10,50.0,4
222973.59262218385,1756024865.67086,-805,54,470,H10,10,50.0,4
222973.61262218386,1756024865.67086,-805,49,474,H10,10,50.0,4
222973.63262218385,1756024865.67086,-801,52,479,H10,10,50.0,4
222973.65262218384,1756024865.67086,-799,56,482,H10,10,50.0,4
222973.67262218386,1756024865.67086,-799,59,483,H10,10,50.0,4
222973.69262218385,1756024865.67086,-799,58,482,H10,10,50.0,4
222973.71262218384,1756024865.67086,-799,57,482,H10,10,50.0,4
222973.73262218386,1756024865.67086,-802,59,482,H10,10,50.0,4
222973.75262218385,1756024865.67086,-806,58,480,H10,10,50.0,4
222973.77262218387,1756024865.67086,-812,59,479,H10,10,50.0,4
222973.79262218386,1756024865.67086,-808,62,474,H10,10,50.0,4
222973.81262218385,1756024865.67086,-802,66,472,H10,10,50.0,4
222973.83262218387,1756024865.67086,-796,70,473,H10,10,50.0,4
222973.85262218385,1756024865.67086,-798,70,477,H10,10,50.0,4
222973.87262218384,1756024865.67086,-799,70,477,H10,10,50.0,4
222973.89262218386,1756024865.67086,-802,66,477,H10,10,50.0,4
222973.91262218385,1756024865.67086,-804,64,476,H10,10,50.0,4
222973.93262218384,1756024865.67086,-805,62,475,H10,10,50.0,4
222973.95262218386,1756024865.67086,-803,61,475,H10,10,50.0,4
222973.97262218385,1756024865.67086,-801,61,478,H10,10,50.0,4
222973.99262218387,1756024865.67086,-799,59,480,H10,10,50.0,4
222974.01262218386,1756024865.67086,-798,58,481,H10,10,50.0,4
222974.03262218385,1756024865.67086,-798,56,479,H10,10,50.0,4
222974.05262218387,1756024865.67086,-800,57,479,H10,10,50.0,4
222974.0676676435,1756024866.391058,-801,54,476,H10,11,50.0,4
222974.0876676435,1756024866.391058,-802,53,478,H10,11,50.0,4
222974.10766764352,1756024866.391058,-803,55,478,H10,11,50.0,4
222974.1276676435,1756024866.391058,-802,55,478,H10,11,50.0,4
222974.1476676435,1756024866.391058,-802,58,476,H10,11,50.0,4
222974.16766764352,1756024866.391058,-802,60,475,H10,11,50.0,4
222974.1876676435,1756024866.391058,-801,60,474,H10,11,50.0,4
222974.20766764352,1756024866.391058,-801,61,473,H10,11,50.0,4
222974.2276676435,1756024866.391058,-800,61,476,H10,11,50.0,4
222974.2476676435,1756024866.391058,-798,59,477,H10,11,50.0,4
222974.26766764352,1756024866.391058,-799,61,476,H10,11,50.0,4
222974.2876676435,1756024866.391058,-800,61,478,H10,11,50.0,4
222974.3076676435,1756024866.391058,-801,61,478,H10,11,50.0,4
222974.32766764352,1756024866.391058,-802,63,476,H10,11,50.0,4
222974.3476676435,1756024866.391058,-803,63,476,H10,11,50.0,4
222974.3676676435,1756024866.391058,-801,59,475,H10,11,50.0,4
222974.38766764352,1756024866.391058,-806,62,472,H10,11,50.0,4
222974.4076676435,1756024866.391058,-808,62,464,H10,11,50.0,4
222974.4276676435,1756024866.391058,-796,57,476,H10,11,50.0,4
222974.44766764352,1756024866.391058,-795,53,479,H10,11,50.0,4
222974.4676676435,1756024866.391058,-800,57,480,H10,11,50.0,4
222974.48766764352,1756024866.391058,-807,61,471,H10,11,50.0,4
222974.5076676435,1756024866.391058,-803,58,472,H10,11,50.0,4
222974.5276676435,1756024866.391058,-794,63,482,H10,11,50.0,4
222974.54766764352,1756024866.391058,-797,65,481,H10,11,50.0,4
222974.5676676435,1756024866.391058,-807,61,475,H10,11,50.0,4
222974.5876676435,1756024866.391058,-808,61,471,H10,11,50.0,4
222974.60766764352,1756024866.391058,-803,58,472,H10,11,50.0,4
222974.6276676435,1756024866.391058,-799,57,472,H10,11,50.0,4
222974.6476676435,1756024866.391058,-799,62,477,H10,11,50.0,4
222974.66766764352,1756024866.391058,-800,64,479,H10,11,50.0,4
222974.6876676435,1756024866.391058,-800,64,479,H10,11,50.0,4
222974.70766764352,1756024866.391058,-799,59,476,H10,11,50.0,4
222974.7276676435,1756024866.391058,-803,55,475,H10,11,50.0,4
222974.7476676435,1756024866.391058,-804,49,480,H10,11,50.0,4
222974.76766764352,1756024866.391058,-806,53,475,H10,11,50.0,4
222974.7507257374,1756024867.077568,-802,55,475,H10,12,50.0,4
222974.77072573738,1756024867.077568,-798,58,476,H10,12,50.0,4
222974.7907257374,1756024867.077568,-799,62,475,H10,12,50.0,4
222974.8107257374,1756024867.077568,-799,61,475,H10,12,50.0,4
222974.83072573738,1756024867.077568,-800,59,477,H10,12,50.0,4
222974.8507257374,1756024867.077568,-802,56,477,H10,12,50.0,4
222974.8707257374,1756024867.077568,-804,56,478,H10,12,50.0,4
222974.8907257374,1756024867.077568,-804,57,475,H10,12,50.0,4
222974.9107257374,1756024867.077568,-801,59,474,H10,12,50.0,4
222974.9307257374,1756024867.077568,-799,57,473,H10,12,50.0,4
222974.9507257374,1756024867.077568,-799,62,475,H10,12,50.0,4
222974.9707257374,1756024867.077568,-801,61,474,H10,12,50.0,4
222974.99072573739,1756024867.077568,-804,63,473,H10,12,50.0,4
222975.0107257374,1756024867.077568,-803,62,472,H10,12,50.0,4
222975.0307257374,1756024867.077568,-801,63,475,H10,12,50.0,4
222975.05072573738,1756024867.077568,-801,67,473,H10,12,50.0,4
222975.0707257374,1756024867.077568,-798,66,474,H10,12,50.0,4
222975.0907257374,1756024867.077568,-799,64,478,H10,12,50.0,4
222975.11072573738,1756024867.077568,-803,61,477,H10,12,50.0,4
222975.1307257374,1756024867.077568,-804,60,477,H10,12,50.0,4
222975.1507257374,1756024867.077568,-802,60,477,H10,12,50.0,4
222975.1707257374,1756024867.077568,-804,59,476,H10,12,50.0,4
222975.1907257374,1756024867.077568,-799,58,475,H10,12,50.0,4
222975.2107257374,1756024867.077568,-798,60,475,H10,12,50.0,4
222975.2307257374,1756024867.077568,-800,58,474,H10,12,50.0,4
222975.2507257374,1756024867.077568,-800,60,472,H10,12,50.0,4
222975.27072573738,1756024867.077568,-800,61,472,H10,12,50.0,4
222975.2907257374,1756024867.077568,-802,59,474,H10,12,50.0,4
222975.3107257374,1756024867.077568,-801,63,476,H10,12,50.0,4
222975.33072573738,1756024867.077568,-801,62,476,H10,12,50.0,4
222975.3507257374,1756024867.077568,-803,60,476,H10,12,50.0,4
222975.3707257374,1756024867.077568,-809,63,468,H10,12,50.0,4
222975.3907257374,1756024867.077568,-799,64,471,H10,12,50.0,4
222975.4107257374,1756024867.077568,-797,57,476,H10,12,50.0,4
222975.4307257374,1756024867.077568,-797,60,481,H10,12,50.0,4
222975.4507257374,1756024867.077568,-801,67,475,H10,12,50.0,4
222975.46569123893,1756024867.7881598,-804,61,466,H10,13,50.0,4
222975.48569123892,1756024867.7881598,-796,65,478,H10,13,50.0,4
222975.50569123894,1756024867.7881598,-796,68,484,H10,13,50.0,4
222975.52569123893,1756024867.7881598,-806,65,479,H10,13,50.0,4
222975.54569123892,1756024867.7881598,-812,61,473,H10,13,50.0,4
222975.56569123894,1756024867.7881598,-808,60,474,H10,13,50.0,4
222975.58569123893,1756024867.7881598,-803,61,477,H10,13,50.0,4
222975.60569123895,1756024867.7881598,-799,62,480,H10,13,50.0,4
222975.62569123894,1756024867.7881598,-799,62,479,H10,13,50.0,4
222975.64569123893,1756024867.7881598,-800,63,478,H10,13,50.0,4
222975.66569123894,1756024867.7881598,-797,62,474,H10,13,50.0,4
222975.68569123893,1756024867.7881598,-799,62,476,H10,13,50.0,4
222975.70569123892,1756024867.7881598,-799,61,480,H10,13,50.0,4
222975.72569123894,1756024867.7881598,-803,59,478,H10,13,50.0,4
222975.74569123893,1756024867.7881598,-807,59,475,H10,13,50.0,4
222975.76569123892,1756024867.7881598,-800,61,480,H10,13,50.0,4
222975.78569123894,1756024867.7881598,-796,60,480,H10,13,50.0,4
222975.80569123893,1756024867.7881598,-798,59,482,H10,13,50.0,4
222975.82569123892,1756024867.7881598,-800,61,484,H10,13,50.0,4
222975.84569123894,1756024867.7881598,-798,59,482,H10,13,50.0,4
222975.86569123893,1756024867.7881598,-800,57,479,H10,13,50.0,4
222975.88569123895,1756024867.7881598,-798,59,479,H10,13,50.0,4
222975.90569123894,1756024867.7881598,-796,60,479,H10,13,50.0,4
222975.92569123892,1756024867.7881598,-796,61,479,H10,13,50.0,4
222975.94569123894,1756024867.7881598,-797,61,480,H10,13,50.0,4
222975.96569123893,1756024867.7881598,-796,64,480,H10,13,50.0,4
222975.98569123892,1756024867.7881598,-796,62,482,H10,13,50.0,4
222976.00569123894,1756024867.7881598,-797,64,483,H10,13,50.0,4
222976.02569123893,1756024867.7881598,-797,63,483,H10,13,50.0,4
222976.04569123892,1756024867.7881598,-797,63,483,H10,13,50.0,4
222976.06569123894,1756024867.7881598,-797,63,482,H10,13,50.0,4
222976.08569123893,1756024867.7881598,-795,65,483,H10,13,50.0,4
222976.10569123895,1756024867.7881598,-796,60,483,H10,13,50.0,4
222976.12569123894,1756024867.7881598,-794,63,482,H10,13,50.0,4
222976.14569123893,1756024867.7881598,-795,62,485,H10,13,50.0,4
222976.16569123894,1756024867.7881598,-796,62,485,H10,13,50.0,4
222976.1847941606,1756024868.508168,-796,65,484,H10,14,50.0,4
222976.20479416059,1756024868.508168,-796,65,485,H10,14,50.0,4
222976.2247941606,1756024868.508168,-796,64,485,H10,14,50.0,4
222976.2447941606,1756024868.508168,-796,65,485,H10,14,50.0,4
222976.26479416058,1756024868.508168,-794,62,486,H10,14,50.0,4
222976.2847941606,1756024868.508168,-794,66,486,H10,14,50.0,4
222976.3047941606,1756024868.508168,-793,64,487,H10,14,50.0,4
222976.3247941606,1756024868.508168,-793,62,489,H10,14,50.0,4
222976.3447941606,1756024868.508168,-795,61,488,H10,14,50.0,4
222976.3647941606,1756024868.508168,-796,62,489,H10,14,50.0,4
222976.3847941606,1756024868.508168,-799,65,487,H10,14,50.0,4
222976.4047941606,1756024868.508168,-798,60,484,H10,14,50.0,4
222976.4247941606,1756024868.508168,-793,57,487,H10,14,50.0,4
222976.4447941606,1756024868.508168,-784,58,497,H10,14,50.0,4
222976.4647941606,1756024868.508168,-792,66,488,H10,14,50.0,4
222976.48479416058,1756024868.508168,-792,64,484,H10,14,50.0,4
222976.5047941606,1756024868.508168,-788,69,489,H10,14,50.0,4
222976.5247941606,1756024868.508168,-790,65,495,H10,14,50.0,4
222976.54479416058,1756024868.508168,-798,64,489,H10,14,50.0,4
222976.5647941606,1756024868.508168,-800,64,484,H10,14,50.0,4
222976.5847941606,1756024868.508168,-793,65,483,H10,14,50.0,4
222976.6047941606,1756024868.508168,-788,63,490,H10,14,50.0,4
222976.6247941606,1756024868.508168,-787,64,491,H10,14,50.0,4
222976.6447941606,1756024868.508168,-789,67,491,H10,14,50.0,4
222976.6647941606,1756024868.508168,-789,69,492,H10,14,50.0,4
222976.6847941606,1756024868.508168,-791,69,492,H10,14,50.0,4
222976.70479416059,1756024868.508168,-791,67,489,H10,14,50.0,4
222976.7247941606,1756024868.508168,-788,63,492,H10,14,50.0,4
222976.7447941606,1756024868.508168,-791,64,484,H10,14,50.0,4
222976.76479416058,1756024868.508168,-790,61,477,H10,14,50.0,4
222976.7847941606,1756024868.508168,-782,62,489,H10,14,50.0,4
222976.8047941606,1756024868.508168,-785,66,494,H10,14,50.0,4
222976.8247941606,1756024868.508168,-793,63,493,H10,14,50.0,4
222976.8447941606,1756024868.508168,-795,65,492,H10,14,50.0,4
222976.8647941606,1756024868.508168,-794,62,489,H10,14,50.0,4
222976.8847941606,1756024868.508168,-794,60,493,H10,14,50.0,4
222976.94814366818,1756024869.272544,-792,62,491,H10,15,50.0,4
222976.96814366817,1756024869.272544,-791,64,489,H10,15,50.0,4
222976.9881436682,1756024869.272544,-789,64,491,H10,15,50.0,4
222977.00814366818,1756024869.272544,-790,63,490,H10,15,50.0,4
222977.02814366817,1756024869.272544,-791,66,492,H10,15,50.0,4
222977.0481436682,1756024869.272544,-793,66,491,H10,15,50.0,4
222977.06814366818,1756024869.272544,-793,69,491,H10,15,50.0,4
222977.0881436682,1756024869.272544,-796,69,490,H10,15,50.0,4
222977.10814366819,1756024869.272544,-793,67,488,H10,15,50.0,4
222977.12814366817,1756024869.272544,-793,67,487,H10,15,50.0,4
222977.1481436682,1756024869.272544,-794,66,488,H10,15,50.0,4
222977.16814366818,1756024869.272544,-795,67,488,H10,15,50.0,4
222977.18814366817,1756024869.272544,-793,69,488,H10,15,50.0,4
222977.2081436682,1756024869.272544,-794,68,486,H10,15,50.0,4
222977.22814366818,1756024869.272544,-794,69,486,H10,15,50.0,4
222977.24814366817,1756024869.272544,-794,67,486,H10,15,50.0,4
222977.2681436682,1756024869.272544,-795,67,488,H10,15,50.0,4
222977.28814366818,1756024869.272544,-794,68,487,H10,15,50.0,4
222977.30814366817,1756024869.272544,-796,65,489,H10,15,50.0,4
222977.3281436682,1756024869.272544,-794,68,488,H10,15,50.0,4
222977.34814366818,1756024869.272544,-795,65,486,H10,15,50.0,4
222977.3681436682,1756024869.272544,-795,64,486,H10,15,50.0,4
222977.38814366818,1756024869.272544,-797,66,487,H10,15,50.0,4
222977.40814366817,1756024869.272544,-799,68,481,H10,15,50.0,4
222977.4281436682,1756024869.272544,-797,61,482,H10,15,50.0,4
222977.44814366818,1756024869.272544,-795,61,483,H10,15,50.0,4
222977.46814366817,1756024869.272544,-793,59,489,H10,15,50.0,4
222977.4881436682,1756024869.272544,-797,64,482,H10,15,50.0,4
222977.50814366818,1756024869.272544,-799,63,475,H10,15,50.0,4
222977.52814366817,1756024869.272544,-793,65,484,H10,15,50.0,4
222977.5481436682,1756024869.272544,-791,69,489,H10,15,50.0,4
222977.56814366818,1756024869.272544,-798,68,484,H10,15,50.0,4
222977.5881436682,1756024869.272544,-804,65,479,H10,15,50.0,4
222977.60814366819,1756024869.272544,-801,64,479,H10,15,50.0,4
222977.62814366817,1756024869.272544,-799,62,481,H10,15,50.0,4
222977.6481436682,1756024869.272544,-797,66,480,H10,15,50.0,4
222977.61894975087,1756024869.9456038,-798,69,480,H10,16,50.0,4
222977.63894975086,1756024869.9456038,-797,68,480,H10,16,50.0,4
222977.65894975088,1756024869.9456038,-798,67,480,H10,16,50.0,4
222977.67894975087,1756024869.9456038,-798,66,481,H10,16,50.0,4
222977.69894975086,1756024869.9456038,-798,63,484,H10,16,50.0,4
222977.71894975088,1756024869.9456038,-802,66,482,H10,16,50.0,4
222977.73894975087,1756024869.9456038,-803,63,475,H10,16,50.0,4
222977.7589497509,1756024869.9456038,-798,61,480,H10,16,50.0,4
222977.77894975088,1756024869.9456038,-794,64,483,H10,16,50.0,4
222977.79894975087,1756024869.9456038,-799,64,484,H10,16,50.0,4
222977.8189497509,1756024869.9456038,-800,61,483,H10,16,50.0,4
222977.83894975088,1756024869.9456038,-798,63,481,H10,16,50.0,4
222977.85894975087,1756024869.9456038,-801,60,480,H10,16,50.0,4
222977.87894975088,1756024869.9456038,-802,62,476,H10,16,50.0,4
222977.89894975087,1756024869.9456038,-799,63,474,H10,16,50.0,4
222977.91894975086,1756024869.9456038,-798,63,477,H10,16,50.0,4
222977.93894975088,1756024869.9456038,-800,65,478,H10,16,50.0,4
222977.95894975087,1756024869.9456038,-799,65,478,H10,16,50.0,4
222977.97894975086,1756024869.9456038,-799,65,477,H10,16,50.0,4
222977.99894975088,1756024869.9456038,-800,63,479,H10,16,50.0,4
222978.01894975087,1756024869.9456038,-799,66,478,H10,16,50.0,4
222978.0389497509,1756024869.9456038,-800,64,477,H10,16,50.0,4
222978.05894975088,1756024869.9456038,-799,63,479,H10,16,50.0,4
222978.07894975087,1756024869.9456038,-800,63,477,H10,16,50.0,4
222978.09894975089,1756024869.9456038,-800,63,479,H10,16,50.0,4
222978.11894975087,1756024869.9456038,-801,61,477,H10,16,50.0,4
222978.13894975086,1756024869.9456038,-799,63,478,H10,16,50.0,4
222978.15894975088,1756024869.9456038,-801,62,478,H10,16,50.0,4
222978.17894975087,1756024869.9456038,-798,63,476,H10,16,50.0,4
222978.19894975086,1756024869.9456038,-801,61,476,H10,16,50.0,4
222978.21894975088,1756024869.9456038,-800,62,476,H10,16,50.0,4
222978.23894975087,1756024869.9456038,-800,62,476,H10,16,50.0,4
222978.2589497509,1756024869.9456038,-800,62,478,H10,16,50.0,4
222978.27894975088,1756024869.9456038,-800,61,477,H10,16,50.0,4
222978.29894975087,1756024869.9456038,-801,62,478,H10,16,50.0,4
222978.3189497509,1756024869.9456038,-801,64,479,H10,16,50.0,4
222978.34327534473,1756024870.666967,-800,62,479,H10,17,50.0,4
222978.36327534472,1756024870.666967,-798,62,480,H10,17,50.0,4
222978.38327534474,1756024870.666967,-806,69,475,H10,17,50.0,4
222978.40327534472,1756024870.666967,-805,67,471,H10,17,50.0,4
222978.4232753447,1756024870.666967,-797,62,478,H10,17,50.0,4
222978.44327534473,1756024870.666967,-796,60,481,H10,17,50.0,4
222978.46327534472,1756024870.666967,-800,65,477,H10,17,50.0,4
222978.48327534474,1756024870.666967,-803,64,469,H10,17,50.0,4
222978.50327534473,1756024870.666967,-797,62,473,H10,17,50.0,4
222978.52327534472,1756024870.666967,-793,66,482,H10,17,50.0,4
222978.54327534474,1756024870.666967,-799,64,481,H10,17,50.0,4
222978.56327534473,1756024870.666967,-809,61,473,H10,17,50.0,4
222978.58327534472,1756024870.666967,-807,60,469,H10,17,50.0,4
222978.60327534474,1756024870.666967,-802,59,473,H10,17,50.0,4
222978.62327534473,1756024870.666967,-799,58,476,H10,17,50.0,4
222978.64327534472,1756024870.666967,-801,62,476,H10,17,50.0,4
222978.66327534473,1756024870.666967,-802,62,476,H10,17,50.0,4
222978.68327534472,1756024870.666967,-801,63,476,H10,17,50.0,4
222978.7032753447,1756024870.666967,-801,62,476,H10,17,50.0,4
222978.72327534473,1756024870.666967,-801,63,473,H10,17,50.0,4
222978.74327534472,1756024870.666967,-802,61,478,H10,17,50.0,4
222978.76327534474,1756024870.666967,-803,60,476,H10,17,50.0,4
222978.78327534473,1756024870.666967,-803,58,474,H10,17,50.0,4
222978.80327534472,1756024870.666967,-796,63,477,H10,17,50.0,4
222978.82327534474,1756024870.666967,-799,65,479,H10,17,50.0,4
222978.84327534473,1756024870.666967,-801,64,480,H10,17,50.0,4
222978.86327534472,1756024870.666967,-802,63,480,H10,17,50.0,4
222978.88327534474,1756024870.666967,-802,60,477,H10,17,50.0,4
222978.90327534472,1756024870.666967,-801,60,473,H10,17,50.0,4
222978.9232753447,1756024870.666967,-803,61,470,H10,17,50.0,4
222978.94327534473,1756024870.666967,-801,61,470,H10,17,50.0,4
222978.96327534472,1756024870.666967,-800,63,471,H10,17,50.0,4
222978.98327534474,1756024870.666967,-800,60,473,H10,17,50.0,4
222979.00327534473,1756024870.666967,-799,63,473,H10,17,50.0,4
222979.02327534472,1756024870.666967,-802,63,475,H10,17,50.0,4
222979.04327534474,1756024870.666967,-801,63,474,H10,17,50.0,4
222979.01626701263,1756024871.340578,-802,61,478,H10,18,50.0,4
222979.03626701262,1756024871.340578,-801,60,478,H10,18,50.0,4
222979.05626701264,1756024871.340578,-802,58,478,H10,18,50.0,4
222979.07626701263,1756024871.340578,-801,60,479,H10,18,50.0,4
222979.09626701262,1756024871.340578,-800,61,478,H10,18,50.0,4
222979.11626701264,1756024871.340578,-798,63,478,H10,18,50.0,4
222979.13626701263,1756024871.340578,-798,61,478,H10,18,50.0,4
222979.15626701264,1756024871.340578,-798,59,478,H10,18,50.0,4
222979.17626701263,1756024871.340578,-800,57,476,H10,18,50.0,4
222979.19626701262,1756024871.340578,-801,59,473,H10,18,50.0,4
222979.21626701264,1756024871.340578,-800,59,472,H10,18,50.0,4
222979.23626701263,1756024871.340578,-803,60,473,H10,18,50.0,4
222979.25626701262,1756024871.340578,-806,60,474,H10,18,50.0,4
222979.27626701264,1756024871.340578,-806,61,473,H10,18,50.0,4
222979.29626701263,1756024871.340578,-804,65,475,H10,18,50.0,4
222979.31626701262,1756024871.340578,-801,68,477,H10,18,50.0,4
222979.33626701264,1756024871.340578,-801,65,479,H10,18,50.0,4
222979.35626701263,1756024871.340578,-798,63,478,H10,18,50.0,4
222979.37626701262,1756024871.340578,-799,57,479,H10,18,50.0,4
222979.39626701263,1756024871.340578,-804,57,475,H10,18,50.0,4
222979.41626701262,1756024871.340578,-810,60,468,H10,18,50.0,4
222979.43626701264,1756024871.340578,-799,60,477,H10,18,50.0,4
222979.45626701263,1756024871.340578,-798,59,478,H10,18,50.0,4
222979.47626701262,1756024871.340578,-798,60,480,H10,18,50.0,4
222979.49626701264,1756024871.340578,-802,65,473,H10,18,50.0,4
222979.51626701263,1756024871.340578,-800,62,470,H10,18,50.0,4
222979.53626701262,1756024871.340578,-792,65,476,H10,18,50.0,4
222979.55626701264,1756024871.340578,-797,66,480,H10,18,50.0,4
222979.57626701263,1756024871.340578,-806,65,471,H10,18,50.0,4
222979.59626701262,1756024871.340578,-811,60,464,H10,18,50.0,4
222979.61626701264,1756024871.340578,-807,60,468,H10,18,50.0,4
222979.63626701263,1756024871.340578,-801,63,474,H10,18,50.0,4
222979.65626701264,1756024871.340578,-799,65,480,H10,18,50.0,4
222979.67626701263,1756024871.340578,-800,65,480,H10,18,50.0,4
222979.69626701262,1756024871.340578,-798,66,477,H10,18,50.0,4
222979.71626701264,1756024871.340578,-800,61,475,H10,18,50.0,4
222979.73661164453,1756024872.061185,-805,61,472,H10,19,50.0,4
222979.75661164452,1756024872.061185,-806,55,476,H10,19,50.0,4
222979.77661164454,1756024872.061185,-808,57,476,H10,19,50.0,4
222979.79661164453,1756024872.061185,-805,62,473,H10,19,50.0,4
222979.81661164452,1756024872.061185,-798,68,477,H10,19,50.0,4
222979.83661164454,1756024872.061185,-794,70,478,H10,19,50.0,4
222979.85661164453,1756024872.061185,-798,67,479,H10,19,50.0,4
222979.87661164455,1756024872.061185,-802,65,475,H10,19,50.0,4
222979.89661164454,1756024872.061185,-805,61,473,H10,19,50.0,4
222979.91661164453,1756024872.061185,-807,58,473,H10,19,50.0,4
222979.93661164455,1756024872.061185,-806,62,470,H10,19,50.0,4
222979.95661164453,1756024872.061185,-800,67,471,H10,19,50.0,4
222979.97661164452,1756024872.061185,-798,69,474,H10,19,50.0,4
222979.99661164454,1756024872.061185,-796,70,474,H10,19,50.0,4
222980.01661164453,1756024872.061185,-798,67,476,H10,19,50.0,4
222980.03661164452,1756024872.061185,-801,63,475,H10,19,50.0,4
222980.05661164454,1756024872.061185,-805,61,475,H10,19,50.0,4
222980.07661164453,1756024872.061185,-805,62,477,H10,19,50.0,4
222980.09661164452,1756024872.061185,-803,60,473,H10,19,50.0,4
222980.11661164454,1756024872.061185,-800,63,478,H10,19,50.0,4
222980.13661164453,1756024872.061185,-800,63,478,H10,19,50.0,4
222980.15661164455,1756024872.061185,-799,65,475,H10,19,50.0,4
222980.17661164454,1756024872.061185,-801,64,475,H10,19,50.0,4
222980.19661164453,1756024872.061185,-800,62,472,H10,19,50.0,4
222980.21661164454,1756024872.061185,-800,60,474,H10,19,50.0,4
222980.23661164453,1756024872.061185,-800,58,475,H10,19,50.0,4
222980.25661164452,1756024872.061185,-802,61,475,H10,19,50.0,4
222980.27661164454,1756024872.061185,-802,63,475,H10,19,50.0,4
222980.29661164453,1756024872.061185,-802,63,475,H10,19,50.0,4
222980.31661164452,1756024872.061185,-803,62,475,H10,19,50.0,4
222980.33661164454,1756024872.061185,-803,63,475,H10,19,50.0,4
222980.35661164453,1756024872.061185,-802,64,473,H10,19,50.0,4
222980.37661164455,1756024872.061185,-800,63,474,H10,19,50.0,4
222980.39661164454,1756024872.061185,-799,64,474,H10,19,50.0,4
222980.41661164453,1756024872.061185,-801,66,475,H10,19,50.0,4
222980.43661164455,1756024872.061185,-800,67,475,H10,19,50.0,4
222980.5023051124,1756024872.825088,-804,65,474,H10,20,50.0,4
222980.5223051124,1756024872.825088,-804,62,477,H10,20,50.0,4
222980.5423051124,1756024872.825088,-809,65,469,H10,20,50.0,4
222980.5623051124,1756024872.825088,-803,62,470,H10,20,50.0,4
222980.5823051124,1756024872.825088,-797,56,477,H10,20,50.0,4
222980.6023051124,1756024872.825088,-798,57,482,H10,20,50.0,4
222980.6223051124,1756024872.825088,-802,65,477,H10,20,50.0,4
222980.64230511241,1756024872.825088,-805,62,467,H10,20,50.0,4
222980.6623051124,1756024872.825088,-797,65,474,H10,20,50.0,4
222980.6823051124,1756024872.825088,-795,67,482,H10,20,50.0,4
222980.7023051124,1756024872.825088,-805,65,477,H10,20,50.0,4
222980.7223051124,1756024872.825088,-812,63,471,H10,20,50.0,4
222980.7423051124,1756024872.825088,-808,61,471,H10,20,50.0,4
222980.7623051124,1756024872.825088,-802,61,475,H10,20,50.0,4
222980.7823051124,1756024872.825088,-798,65,478,H10,20,50.0,4
222980.8023051124,1756024872.825088,-800,66,478,H10,20,50.0,4
222980.8223051124,1756024872.825088,-800,66,478,H10,20,50.0,4
222980.8423051124,1756024872.825088,-800,65,477,H10,20,50.0,4
222980.8623051124,1756024872.825088,-802,65,474,H10,20,50.0,4
222980.8823051124,1756024872.825088,-805,64,475,H10,20,50.0,4
222980.9023051124,1756024872.825088,-803,65,478,H10,20,50.0,4
222980.9223051124,1756024872.825088,-806,64,475,H10,20,50.0,4
222980.9423051124,1756024872.825088,-800,60,474,H10,20,50.0,4
222980.9623051124,1756024872.825088,-795,61,477,H10,20,50.0,4
222980.9823051124,1756024872.825088,-798,62,480,H10,20,50.0,4
222981.0023051124,1756024872.825088,-798,63,482,H10,20,50.0,4
222981.0223051124,1756024872.825088,-800,62,481,H10,20,50.0,4
222981.0423051124,1756024872.825088,-800,62,483,H10,20,50.0,4
222981.0623051124,1756024872.825088,-800,63,477,H10,20,50.0,4
222981.0823051124,1756024872.825088,-798,62,477,H10,20,50.0,4
222981.1023051124,1756024872.825088,-797,61,480,H10,20,50.0,4
222981.1223051124,1756024872.825088,-796,61,481,H10,20,50.0,4
222981.14230511241,1756024872.825088,-796,63,483,H10,20,50.0,4
222981.1623051124,1756024872.825088,-798,64,482,H10,20,50.0,4
222981.1823051124,1756024872.825088,-799,66,482,H10,20,50.0,4
222981.2023051124,1756024872.825088,-798,67,481,H10,20,50.0,4
222981.17784594983,1756024873.501511,-798,62,481,H10,21,50.0,4
222981.19784594982,1756024873.501511,-797,63,481,H10,21,50.0,4
222981.21784594984,1756024873.501511,-796,61,481,H10,21,50.0,4
222981.23784594983,1756024873.501511,-796,63,482,H10,21,50.0,4
222981.25784594982,1756024873.501511,-796,66,484,H10,21,50.0,4
222981.27784594984,1756024873.501511,-798,66,484,H10,21,50.0,4
222981.29784594983,1756024873.501511,-795,65,484,H10,21,50.0,4
222981.31784594984,1756024873.501511,-795,66,483,H10,21,50.0,4
222981.33784594983,1756024873.501511,-795,62,483,H10,21,50.0,4
222981.35784594982,1756024873.501511,-795,63,484,H10,21,50.0,4
222981.37784594984,1756024873.501511,-794,62,483,H10,21,50.0,4
222981.39784594983,1756024873.501511,-795,61,488,H10,21,50.0,4
222981.41784594982,1756024873.501511,-796,62,489,H10,21,50.0,4
222981.43784594984,1756024873.501511,-796,61,488,H10,21,50.0,4
222981.45784594983,1756024873.501511,-797,62,487,H10,21,50.0,4
222981.47784594982,1756024873.501511,-793,62,490,H10,21,50.0,4
222981.49784594984,1756024873.501511,-793,67,490,H10,21,50.0,4
222981.51784594983,1756024873.501511,-795,63,490,H10,21,50.0,4
222981.53784594982,1756024873.501511,-794,62,490,H10,21,50.0,4
222981.55784594984,1756024873.501511,-795,67,490,H10,21,50.0,4
222981.57784594983,1756024873.501511,-797,66,483,H10,21,50.0,4
222981.59784594984,1756024873.501511,-794,61,486,H10,21,50.0,4
222981.61784594983,1756024873.501511,-786,62,496,H10,21,50.0,4
222981.63784594982,1756024873.501511,-787,67,497,H10,21,50.0,4
222981.65784594984,1756024873.501511,-792,69,484,H10,21,50.0,4
222981.67784594983,1756024873.501511,-789,68,493,H10,21,50.0,4
222981.69784594982,1756024873.501511,-789,67,498,H10,21,50.0,4
222981.71784594984,1756024873.501511,-793,66,496,H10,21,50.0,4
222981.73784594983,1756024873.501511,-799,67,486,H10,21,50.0,4
222981.75784594982,1756024873.501511,-792,65,483,H10,21,50.0,4
222981.77784594984,1756024873.501511,-785,64,486,H10,21,50.0,4
222981.79784594983,1756024873.501511,-782,65,489,H10,21,50.0,4
222981.81784594984,1756024873.501511,-785,65,489,H10,21,50.0,4
222981.83784594983,1756024873.501511,-786,67,487,H10,21,50.0,4
222981.85784594982,1756024873.501511,-789,66,484,H10,21,50.0,4
222981.87784594984,1756024873.501511,-789,68,485,H10,21,50.0,4
222981.8741865989,1756024874.195993,-790,66,492,H10,22,50.0,4
222981.8941865989,1756024874.195993,-793,68,496,H10,22,50.0,4
222981.9141865989,1756024874.195993,-796,66,491,H10,22,50.0,4
222981.9341865989,1756024874.195993,-790,65,492,H10,22,50.0,4
222981.9541865989,1756024874.195993,-784,65,499,H10,22,50.0,4
222981.9741865989,1756024874.195993,-791,66,494,H10,22,50.0,4
222981.9941865989,1756024874.195993,-794,67,489,H10,22,50.0,4
222982.0141865989,1756024874.195993,-794,67,484,H10,22,50.0,4
222982.0341865989,1756024874.195993,-792,62,485,H10,22,50.0,4
222982.0541865989,1756024874.195993,-793,64,489,H10,22,50.0,4
222982.0741865989,1756024874.195993,-791,68,488,H10,22,50.0,4
222982.0941865989,1756024874.195993,-790,72,486,H10,22,50.0,4
222982.1141865989,1756024874.195993,-789,71,487,H10,22,50.0,4
222982.1341865989,1756024874.195993,-789,69,489,H10,22,50.0,4
222982.1541865989,1756024874.195993,-792,68,488,H10,22,50.0,4
222982.1741865989,1756024874.195993,-794,66,490,H10,22,50.0,4
222982.1941865989,1756024874.195993,-795,65,491,H10,22,50.0,4
222982.2141865989,1756024874.195993,-795,67,491,H10,22,50.0,4
222982.2341865989,1756024874.195993,-795,70,490,H10,22,50.0,4
222982.2541865989,1756024874.195993,-794,71,491,H10,22,50.0,4
222982.2741865989,1756024874.195993,-794,69,491,H10,22,50.0,4
222982.2941865989,1756024874.195993,-793,71,490,H10,22,50.0,4
222982.3141865989,1756024874.195993,-796,67,488,H10,22,50.0,4
222982.3341865989,1756024874.195993,-795,66,486,H10,22,50.0,4
222982.3541865989,1756024874.195993,-796,63,485,H10,22,50.0,4
222982.3741865989,1756024874.195993,-797,66,486,H10,22,50.0,4
222982.3941865989,1756024874.195993,-796,62,486,H10,22,50.0,4
222982.4141865989,1756024874.195993,-797,62,486,H10,22,50.0,4
222982.4341865989,1756024874.195993,-796,66,486,H10,22,50.0,4
222982.4541865989,1756024874.195993,-798,69,487,H10,22,50.0,4
222982.4741865989,1756024874.195993,-797,71,489,H10,22,50.0,4
222982.4941865989,1756024874.195993,-795,68,485,H10,22,50.0,4
222982.5141865989,1756024874.195993,-794,70,484,H10,22,50.0,4
222982.5341865989,1756024874.195993,-799,72,483,H10,22,50.0,4
222982.5541865989,1756024874.195993,-801,74,479,H10,22,50.0,4
222982.5741865989,1756024874.195993,-795,67,479,H10,22,50.0,4
222982.70298479646,1756024874.93849,-794,66,484,H10,23,50.0,4
222982.72298479645,1756024874.93849,-796,69,486,H10,23,50.0,4
222982.74298479647,1756024874.93849,-800,71,479,H10,23,50.0,4
222982.76298479646,1756024874.93849,-800,66,475,H10,23,50.0,4
222982.78298479645,1756024874.93849,-792,68,484,H10,23,50.0,4
222982.80298479646,1756024874.93849,-793,68,486,H10,23,50.0,4
222982.82298479645,1756024874.93849,-801,67,482,H10,23,50.0,4
222982.84298479647,1756024874.93849,-804,67,475,H10,23,50.0,4
222982.86298479646,1756024874.93849,-801,62,475,H10,23,50.0,4
222982.88298479645,1756024874.93849,-797,62,478,H10,23,50.0,4
222982.90298479647,1756024874.93849,-798,63,479,H10,23,50.0,4
222982.92298479646,1756024874.93849,-799,65,480,H10,23,50.0,4
222982.94298479645,1756024874.93849,-798,68,478,H10,23,50.0,4
222982.96298479647,1756024874.93849,-800,67,481,H10,23,50.0,4
222982.98298479646,1756024874.93849,-803,64,479,H10,23,50.0,4
222983.00298479645,1756024874.93849,-801,66,478,H10,23,50.0,4
222983.02298479647,1756024874.93849,-804,68,476,H10,23,50.0,4
222983.04298479646,1756024874.93849,-802,66,472,H10,23,50.0,4
222983.06298479644,1756024874.93849,-797,64,476,H10,23,50.0,4
222983.08298479646,1756024874.93849,-795,70,479,H10,23,50.0,4
222983.10298479645,1756024874.93849,-797,69,479,H10,23,50.0,4
222983.12298479647,1756024874.93849,-799,67,479,H10,23,50.0,4
222983.14298479646,1756024874.93849,-801,67,479,H10,23,50.0,4
222983.16298479645,1756024874.93849,-802,67,477,H10,23,50.0,4
222983.18298479647,1756024874.93849,-803,64,475,H10,23,50.0,4
222983.20298479646,1756024874.93849,-801,67,472,H10,23,50.0,4
222983.22298479645,1756024874.93849,-799,66,475,H10,23,50.0,4
222983.24298479647,1756024874.93849,-798,63,477,H10,23,50.0,4
222983.26298479646,1756024874.93849,-799,63,476,H10,23,50.0,4
222983.28298479645,1756024874.93849,-799,63,477,H10,23,50.0,4
222983.30298479646,1756024874.93849,-801,64,476,H10,23,50.0,4
222983.32298479645,1756024874.93849,-799,66,478,H10,23,50.0,4
222983.34298479647,1756024874.93849,-800,68,476,H10,23,50.0,4
222983.36298479646,1756024874.93849,-798,67,475,H10,23,50.0,4
222983.38298479645,1756024874.93849,-799,64,478,H10,23,50.0,4
222983.40298479647,1756024874.93849,-799,68,479,H10,23,50.0,4
222983.32753874926,1756024875.650405,-801,65,478,H10,24,50.0,4
222983.34753874925,1756024875.650405,-800,65,482,H10,24,50.0,4
222983.36753874927,1756024875.650405,-802,67,478,H10,24,50.0,4
222983.38753874926,1756024875.650405,-802,66,475,H10,24,50.0,4
222983.40753874925,1756024875.650405,-801,67,476,H10,24,50.0,4
222983.42753874927,1756024875.650405,-802,65,474,H10,24,50.0,4
222983.44753874926,1756024875.650405,-801,63,475,H10,24,50.0,4
222983.46753874928,1756024875.650405,-799,65,475,H10,24,50.0,4
222983.48753874926,1756024875.650405,-798,67,473,H10,24,50.0,4
222983.50753874925,1756024875.650405,-800,68,476,H10,24,50.0,4
222983.52753874927,1756024875.650405,-802,70,476,H10,24,50.0,4
222983.54753874926,1756024875.650405,-798,70,477,H10,24,50.0,4
222983.56753874925,1756024875.650405,-799,65,481,H10,24,50.0,4
222983.58753874927,1756024875.650405,-806,68,472,H10,24,50.0,4
222983.60753874926,1756024875.650405,-803,67,470,H10,24,50.0,4
222983.62753874925,1756024875.650405,-796,61,479,H10,24,50.0,4
222983.64753874927,1756024875.650405,-796,58,482,H10,24,50.0,4
222983.66753874926,1756024875.650405,-801,67,477,H10,24,50.0,4
222983.68753874925,1756024875.650405,-804,67,469,H10,24,50.0,4
222983.70753874927,1756024875.650405,-797,67,473,H10,24,50.0,4
222983.72753874926,1756024875.650405,-792,71,481,H10,24,50.0,4
222983.74753874927,1756024875.650405,-801,71,479,H10,24,50.0,4
222983.76753874926,1756024875.650405,-808,67,471,H10,24,50.0,4
222983.78753874925,1756024875.650405,-806,62,469,H10,24,50.0,4
222983.80753874927,1756024875.650405,-800,61,475,H10,24,50.0,4
222983.82753874926,1756024875.650405,-800,65,477,H10,24,50.0,4
222983.84753874925,1756024875.650405,-802,68,475,H10,24,50.0,4
222983.86753874927,1756024875.650405,-801,69,477,H10,24,50.0,4
222983.88753874926,1756024875.650405,-800,67,477,H10,24,50.0,4
222983.90753874925,1756024875.650405,-800,66,475,H10,24,50.0,4
222983.92753874927,1756024875.650405,-802,65,476,H10,24,50.0,4
222983.94753874926,1756024875.650405,-802,64,480,H10,24,50.0,4
222983.96753874928,1756024875.650405,-805,63,477,H10,24,50.0,4
222983.98753874926,1756024875.650405,-800,63,474,H10,24,50.0,4
222984.00753874925,1756024875.650405,-795,68,478,H10,24,50.0,4
222984.02753874927,1756024875.650405,-799,68,478,H10,24,50.0,4
222984.04737717265,1756024876.370909,-801,69,477,H10,25,50.0,4
222984.06737717264,1756024876.370909,-804,62,476,H10,25,50.0,4
222984.08737717266,1756024876.370909,-802,63,474,H10,25,50.0,4
222984.10737717265,1756024876.370909,-802,62,472,H10,25,50.0,4
222984.12737717264,1756024876.370909,-803,63,471,H10,25,50.0,4
222984.14737717266,1756024876.370909,-800,66,474,H10,25,50.0,4
222984.16737717265,1756024876.370909,-798,67,473,H10,25,50.0,4
222984.18737717267,1756024876.370909,-798,70,474,H10,25,50.0,4
222984.20737717266,1756024876.370909,-800,67,476,H10,25,50.0,4
222984.22737717265,1756024876.370909,-802,65,476,H10,25,50.0,4
222984.24737717267,1756024876.370909,-803,66,476,H10,25,50.0,4
222984.26737717265,1756024876.370909,-801,66,475,H10,25,50.0,4
222984.28737717264,1756024876.370909,-799,68,475,H10,25,50.0,4
222984.30737717266,1756024876.370909,-799,67,474,H10,25,50.0,4
222984.32737717265,1756024876.370909,-799,66,475,H10,25,50.0,4
222984.34737717264,1756024876.370909,-799,63,476,H10,25,50.0,4
222984.36737717266,1756024876.370909,-801,63,475,H10,25,50.0,4
222984.38737717265,1756024876.370909,-802,63,475,H10,25,50.0,4
222984.40737717264,1756024876.370909,-801,66,474,H10,25,50.0,4
222984.42737717266,1756024876.370909,-802,66,475,H10,25,50.0,4
222984.44737717265,1756024876.370909,-801,65,474,H10,25,50.0,4
222984.46737717267,1756024876.370909,-799,65,476,H10,25,50.0,4
222984.48737717266,1756024876.370909,-800,65,476,H10,25,50.0,4
222984.50737717265,1756024876.370909,-800,64,477,H10,25,50.0,4
222984.52737717266,1756024876.370909,-799,67,474,H10,25,50.0,4
222984.54737717265,1756024876.370909,-801,69,477,H10,25,50.0,4
222984.56737717264,1756024876.370909,-800,68,479,H10,25,50.0,4
222984.58737717266,1756024876.370909,-801,68,475,H10,25,50.0,4
222984.60737717265,1756024876.370909,-808,70,469,H10,25,50.0,4
222984.62737717264,1756024876.370909,-802,69,470,H10,25,50.0,4
222984.64737717266,1756024876.370909,-796,62,476,H10,25,50.0,4
222984.66737717265,1756024876.370909,-795,59,480,H10,25,50.0,4
222984.68737717267,1756024876.370909,-801,67,477,H10,25,50.0,4
222984.70737717266,1756024876.370909,-803,66,467,H10,25,50.0,4
222984.72737717265,1756024876.370909,-798,65,473,H10,25,50.0,4
222984.74737717267,1756024876.370909,-794,72,482,H10,25,50.0,4
222984.72246000863,1756024877.045751,-803,68,476,H10,26,50.0,4
222984.74246000862,1756024877.045751,-809,66,470,H10,26,50.0,4
222984.76246000864,1756024877.045751,-807,62,470,H10,26,50.0,4
222984.78246000863,1756024877.045751,-802,63,472,H10,26,50.0,4
222984.80246000862,1756024877.045751,-801,65,477,H10,26,50.0,4
222984.82246000864,1756024877.045751,-802,68,478,H10,26,50.0,4
222984.84246000863,1756024877.045751,-802,67,476,H10,26,50.0,4
222984.86246000865,1756024877.045751,-803,69,475,H10,26,50.0,4
222984.88246000864,1756024877.045751,-803,68,475,H10,26,50.0,4
222984.90246000863,1756024877.045751,-801,65,476,H10,26,50.0,4
222984.92246000865,1756024877.045751,-802,65,479,H10,26,50.0,4
222984.94246000863,1756024877.045751,-805,66,475,H10,26,50.0,4
222984.96246000862,1756024877.045751,-803,65,476,H10,26,50.0,4
222984.98246000864,1756024877.045751,-795,68,481,H10,26,50.0,4
222985.00246000863,1756024877.045751,-799,67,479,H10,26,50.0,4
222985.02246000862,1756024877.045751,-801,67,479,H10,26,50.0,4
222985.04246000864,1756024877.045751,-804,62,478,H10,26,50.0,4
222985.06246000863,1756024877.045751,-803,65,477,H10,26,50.0,4
222985.08246000862,1756024877.045751,-801,64,475,H10,26,50.0,4
222985.10246000864,1756024877.045751,-801,62,476,H10,26,50.0,4
222985.12246000863,1756024877.045751,-800,67,476,H10,26,50.0,4
222985.14246000865,1756024877.045751,-800,67,477,H10,26,50.0,4
222985.16246000864,1756024877.045751,-798,67,479,H10,26,50.0,4
222985.18246000863,1756024877.045751,-801,66,481,H10,26,50.0,4
222985.20246000864,1756024877.045751,-802,65,482,H10,26,50.0,4
222985.22246000863,1756024877.045751,-801,66,480,H10,26,50.0,4
222985.24246000862,1756024877.045751,-800,67,479,H10,26,50.0,4
222985.26246000864,1756024877.045751,-796,66,481,H10,26,50.0,4
222985.28246000863,1756024877.045751,-796,67,479,H10,26,50.0,4
222985.30246000862,1756024877.045751,-796,67,482,H10,26,50.0,4
222985.32246000864,1756024877.045751,-796,65,483,H10,26,50.0,4
222985.34246000863,1756024877.045751,-798,66,482,H10,26,50.0,4
222985.36246000865,1756024877.045751,-797,65,481,H10,26,50.0,4
222985.38246000864,1756024877.045751,-798,67,482,H10,26,50.0,4
222985.40246000863,1756024877.045751,-798,65,481,H10,26,50.0,4
222985.42246000865,1756024877.045751,-796,65,482,H10,26,50.0,4
222985.43889009464,1756024877.764467,-798,65,484,H10,27,50.0,4
222985.45889009463,1756024877.764467,-797,64,483,H10,27,50.0,4
222985.47889009464,1756024877.764467,-796,65,484,H10,27,50.0,4
222985.49889009463,1756024877.764467,-794,69,485,H10,27,50.0,4
222985.51889009462,1756024877.764467,-795,68,489,H10,27,50.0,4
222985.53889009464,1756024877.764467,-794,67,486,H10,27,50.0,4
222985.55889009463,1756024877.764467,-795,71,485,H10,27,50.0,4
222985.57889009465,1756024877.764467,-799,68,484,H10,27,50.0,4
222985.59889009464,1756024877.764467,-795,64,485,H10,27,50.0,4
222985.61889009463,1756024877.764467,-794,65,486,H10,27,50.0,4
222985.63889009465,1756024877.764467,-789,70,493,H10,27,50.0,4
222985.65889009464,1756024877.764467,-794,72,484,H10,27,50.0,4
222985.67889009463,1756024877.764467,-791,71,485,H10,27,50.0,4
222985.69889009465,1756024877.764467,-787,70,495,H10,27,50.0,4
222985.71889009463,1756024877.764467,-792,71,495,H10,27,50.0,4
222985.73889009462,1756024877.764467,-799,70,487,H10,27,50.0,4
222985.75889009464,1756024877.764467,-798,69,483,H10,27,50.0,4
222985.77889009463,1756024877.764467,-791,68,483,H10,27,50.0,4
222985.79889009462,1756024877.764467,-788,69,491,H10,27,50.0,4
222985.81889009464,1756024877.764467,-791,70,495,H10,27,50.0,4
222985.83889009463,1756024877.764467,-791,71,495,H10,27,50.0,4
222985.85889009465,1756024877.764467,-792,68,497,H10,27,50.0,4
222985.87889009464,1756024877.764467,-793,68,496,H10,27,50.0,4
222985.89889009463,1756024877.764467,-790,71,495,H10,27,50.0,4
222985.91889009465,1756024877.764467,-792,69,495,H10,27,50.0,4
222985.93889009464,1756024877.764467,-794,70,490,H10,27,50.0,4
222985.95889009463,1756024877.764467,-790,66,486,H10,27,50.0,4
222985.97889009464,1756024877.764467,-781,70,499,H10,27,50.0,4
222985.99889009463,1756024877.764467,-787,69,502,H10,27,50.0,4
222986.01889009462,1756024877.764467,-790,69,500,H10,27,50.0,4
222986.03889009464,1756024877.764467,-791,69,495,H10,27,50.0,4
222986.05889009463,1756024877.764467,-789,69,497,H10,27,50.0,4
222986.07889009465,1756024877.764467,-789,68,498,H10,27,50.0,4
222986.09889009464,1756024877.764467,-787,70,498,H10,27,50.0,4
222986.11889009463,1756024877.764467,-788,68,498,H10,27,50.0,4
222986.13889009465,1756024877.764467,-788,72,499,H10,27,50.0,4
222986.15852843385,1756024878.483582,-786,72,498,H10,28,50.0,4
222986.17852843384,1756024878.483582,-786,70,500,H10,28,50.0,4
222986.19852843386,1756024878.483582,-787,72,501,H10,28,50.0,4
222986.21852843385,1756024878.483582,-785,73,500,H10,28,50.0,4
222986.23852843384,1756024878.483582,-785,70,498,H10,28,50.0,4
222986.25852843386,1756024878.483582,-784,72,497,H10,28,50.0,4
222986.27852843385,1756024878.483582,-783,71,498,H10,28,50.0,4
222986.29852843386,1756024878.483582,-783,72,495,H10,28,50.0,4
222986.31852843385,1756024878.483582,-780,73,497,H10,28,50.0,4
222986.33852843384,1756024878.483582,-781,72,493,H10,28,50.0,4
222986.35852843386,1756024878.483582,-780,71,492,H10,28,50.0,4
222986.37852843385,1756024878.483582,-782,70,493,H10,28,50.0,4
222986.39852843384,1756024878.483582,-787,70,495,H10,28,50.0,4
222986.41852843386,1756024878.483582,-785,72,499,H10,28,50.0,4
222986.43852843385,1756024878.483582,-785,73,500,H10,28,50.0,4
222986.45852843384,1756024878.483582,-788,69,499,H10,28,50.0,4
222986.47852843386,1756024878.483582,-787,71,499,H10,28,50.0,4
222986.49852843385,1756024878.483582,-787,70,501,H10,28,50.0,4
222986.51852843384,1756024878.483582,-787,73,500,H10,28,50.0,4
222986.53852843386,1756024878.483582,-791,72,495,H10,28,50.0,4
222986.55852843384,1756024878.483582,-788,65,489,H10,28,50.0,4
222986.57852843386,1756024878.483582,-773,69,500,H10,28,50.0,4
222986.59852843385,1756024878.483582,-779,70,507,H10,28,50.0,4
222986.61852843384,1756024878.483582,-791,72,495,H10,28,50.0,4
222986.63852843386,1756024878.483582,-791,73,498,H10,28,50.0,4
222986.65852843385,1756024878.483582,-789,72,508,H10,28,50.0,4
222986.67852843384,1756024878.483582,-792,70,502,H10,28,50.0,4
222986.69852843386,1756024878.483582,-793,72,491,H10,28,50.0,4
222986.71852843385,1756024878.483582,-791,72,486,H10,28,50.0,4
222986.73852843384,1756024878.483582,-787,73,488,H10,28,50.0,4
222986.75852843386,1756024878.483582,-786,72,494,H10,28,50.0,4
222986.77852843385,1756024878.483582,-788,72,494,H10,28,50.0,4
222986.79852843386,1756024878.483582,-789,75,494,H10,28,50.0,4
222986.81852843385,1756024878.483582,-792,76,494,H10,28,50.0,4
222986.83852843384,1756024878.483582,-791,74,489,H10,28,50.0,4
222986.85852843386,1756024878.483582,-790,72,496,H10,28,50.0,4
222986.88060773443,1756024879.204108,-793,68,495,H10,29,50.0,4
222986.90060773442,1756024879.204108,-796,67,490,H10,29,50.0,4
222986.92060773444,1756024879.204108,-792,65,489,H10,29,50.0,4
222986.94060773443,1756024879.204108,-788,72,493,H10,29,50.0,4
222986.96060773442,1756024879.204108,-789,72,497,H10,29,50.0,4
222986.98060773444,1756024879.204108,-793,71,494,H10,29,50.0,4
222987.00060773443,1756024879.204108,-793,70,492,H10,29,50.0,4
222987.02060773445,1756024879.204108,-793,72,491,H10,29,50.0,4
222987.04060773444,1756024879.204108,-793,70,488,H10,29,50.0,4
222987.06060773443,1756024879.204108,-791,72,485,H10,29,50.0,4
222987.08060773445,1756024879.204108,-792,73,485,H10,29,50.0,4
222987.10060773444,1756024879.204108,-793,72,489,H10,29,50.0,4
222987.12060773442,1756024879.204108,-792,72,485,H10,29,50.0,4
222987.14060773444,1756024879.204108,-793,71,489,H10,29,50.0,4
222987.16060773443,1756024879.204108,-794,72,489,H10,29,50.0,4
222987.18060773442,1756024879.204108,-795,70,490,H10,29,50.0,4
222987.20060773444,1756024879.204108,-794,69,488,H10,29,50.0,4
222987.22060773443,1756024879.204108,-794,69,488,H10,29,50.0,4
222987.24060773442,1756024879.204108,-795,68,488,H10,29,50.0,4
222987.26060773444,1756024879.204108,-795,69,487,H10,29,50.0,4
222987.28060773443,1756024879.204108,-796,69,487,H10,29,50.0,4
222987.30060773445,1756024879.204108,-796,69,486,H10,29,50.0,4
222987.32060773444,1756024879.204108,-796,69,485,H10,29,50.0,4
222987.34060773443,1756024879.204108,-795,69,483,H10,29,50.0,4
222987.36060773444,1756024879.204108,-795,70,483,H10,29,50.0,4
222987.38060773443,1756024879.204108,-795,67,483,H10,29,50.0,4
222987.40060773442,1756024879.204108,-796,69,484,H10,29,50.0,4
222987.42060773444,1756024879.204108,-796,70,485,H10,29,50.0,4
222987.44060773443,1756024879.204108,-796,71,485,H10,29,50.0,4
222987.46060773442,1756024879.204108,-796,69,485,H10,29,50.0,4
222987.48060773444,1756024879.204108,-799,72,485,H10,29,50.0,4
222987.50060773443,1756024879.204108,-805,72,479,H10,29,50.0,4
222987.52060773445,1756024879.204108,-796,67,481,H10,29,50.0,4
222987.54060773444,1756024879.204108,-794,62,482,H10,29,50.0,4
222987.56060773443,1756024879.204108,-793,65,489,H10,29,50.0,4
222987.58060773445,1756024879.204108,-799,71,479,H10,29,50.0,4
222987.602654284,1756024879.9252748,-802,67,473,H10,30,50.0,4
222987.622654284,1756024879.9252748,-791,68,483,H10,30,50.0,4
222987.64265428402,1756024879.9252748,-791,71,491,H10,30,50.0,4
222987.662654284,1756024879.9252748,-799,71,483,H10,30,50.0,4
222987.682654284,1756024879.9252748,-807,66,476,H10,30,50.0,4
222987.70265428402,1756024879.9252748,-802,66,475,H10,30,50.0,4
222987.722654284,1756024879.9252748,-798,64,478,H10,30,50.0,4
222987.74265428403,1756024879.9252748,-797,67,478,H10,30,50.0,4
222987.76265428402,1756024879.9252748,-798,68,481,H10,30,50.0,4
222987.782654284,1756024879.9252748,-801,68,480,H10,30,50.0,4
222987.80265428402,1756024879.9252748,-799,70,480,H10,30,50.0,4
222987.822654284,1756024879.9252748,-800,67,479,H10,30,50.0,4
222987.842654284,1756024879.9252748,-799,69,478,H10,30,50.0,4
222987.86265428402,1756024879.9252748,-801,65,479,H10,30,50.0,4
222987.882654284,1756024879.9252748,-802,67,477,H10,30,50.0,4
222987.902654284,1756024879.9252748,-797,69,477,H10,30,50.0,4
222987.92265428402,1756024879.9252748,-795,69,480,H10,30,50.0,4
222987.942654284,1756024879.9252748,-797,67,482,H10,30,50.0,4
222987.962654284,1756024879.9252748,-800,67,479,H10,30,50.0,4
222987.98265428402,1756024879.9252748,-800,67,480,H10,30,50.0,4
222988.002654284,1756024879.9252748,-800,67,478,H10,30,50.0,4
222988.02265428402,1756024879.9252748,-799,66,476,H10,30,50.0,4
222988.042654284,1756024879.9252748,-799,66,475,H10,30,50.0,4
222988.062654284,1756024879.9252748,-797,67,475,H10,30,50.0,4
222988.08265428402,1756024879.9252748,-796,68,475,H10,30,50.0,4
222988.102654284,1756024879.9252748,-797,68,478,H10,30,50.0,4
222988.122654284,1756024879.9252748,-798,66,480,H10,30,50.0,4
222988.14265428402,1756024879.9252748,-799,67,479,H10,30,50.0,4
222988.162654284,1756024879.9252748,-801,68,478,H10,30,50.0,4
222988.182654284,1756024879.9252748,-800,68,478,H10,30,50.0,4
222988.20265428402,1756024879.9252748,-798,68,479,H10,30,50.0,4
222988.222654284,1756024879.9252748,-797,69,479,H10,30,50.0,4
222988.24265428403,1756024879.9252748,-797,69,476,H10,30,50.0,4
222988.26265428402,1756024879.9252748,-798,68,478,H10,30,50.0,4
222988.282654284,1756024879.9252748,-799,66,477,H10,30,50.0,4
222988.30265428402,1756024879.9252748,-798,66,478,H10,30,50.0,4
222988.31725607623,1756024880.6433191,-797,67,477,H10,31,50.0,4
222988.33725607622,1756024880.6433191,-799,67,476,H10,31,50.0,4
222988.35725607624,1756024880.6433191,-798,67,476,H10,31,50.0,4
222988.37725607623,1756024880.6433191,-798,66,478,H10,31,50.0,4
222988.39725607622,1756024880.6433191,-798,67,479,H10,31,50.0,4
222988.41725607624,1756024880.6433191,-799,67,479,H10,31,50.0,4
222988.43725607623,1756024880.6433191,-798,69,477,H10,31,50.0,4
222988.45725607625,1756024880.6433191,-798,67,479,H10,31,50.0,4
222988.47725607624,1756024880.6433191,-801,66,479,H10,31,50.0,4
222988.49725607623,1756024880.6433191,-806,69,470,H10,31,50.0,4
222988.51725607624,1756024880.6433191,-798,67,477,H10,31,50.0,4
222988.53725607623,1756024880.6433191,-796,63,481,H10,31,50.0,4
222988.55725607622,1756024880.6433191,-795,62,481,H10,31,50.0,4
222988.57725607624,1756024880.6433191,-803,69,477,H10,31,50.0,4
222988.59725607623,1756024880.6433191,-803,68,467,H10,31,50.0,4
222988.61725607622,1756024880.6433191,-792,70,478,H10,31,50.0,4
222988.63725607624,1756024880.6433191,-793,72,485,H10,31,50.0,4
222988.65725607623,1756024880.6433191,-804,68,478,H10,31,50.0,4
222988.67725607622,1756024880.6433191,-807,65,471,H10,31,50.0,4
222988.69725607624,1756024880.6433191,-804,65,473,H10,31,50.0,4
222988.71725607623,1756024880.6433191,-798,65,475,H10,31,50.0,4
222988.73725607625,1756024880.6433191,-796,67,480,H10,31,50.0,4
222988.75725607623,1756024880.6433191,-799,68,481,H10,31,50.0,4
222988.77725607622,1756024880.6433191,-800,69,479,H10,31,50.0,4
222988.79725607624,1756024880.6433191,-801,65,478,H10,31,50.0,4
222988.81725607623,1756024880.6433191,-799,68,477,H10,31,50.0,4
222988.83725607622,1756024880.6433191,-800,67,478,H10,31,50.0,4
222988.85725607624,1756024880.6433191,-802,62,477,H10,31,50.0,4
222988.87725607623,1756024880.6433191,-803,65,475,H10,31,50.0,4
222988.89725607622,1756024880.6433191,-797,64,477,H10,31,50.0,4
222988.91725607624,1756024880.6433191,-796,69,477,H10,31,50.0,4
222988.93725607623,1756024880.6433191,-799,67,480,H10,31,50.0,4
222988.95725607625,1756024880.6433191,-803,67,480,H10,31,50.0,4
222988.97725607624,1756024880.6433191,-802,67,481,H10,31,50.0,4
222988.99725607623,1756024880.6433191,-801,66,477,H10,31,50.0,4
222989.01725607624,1756024880.6433191,-799,66,474,H10,31,50.0,4
222988.99221483004,1756024881.31866,-799,67,473,H10,32,50.0,4
222989.01221483003,1756024881.31866,-797,68,473,H10,32,50.0,4
222989.03221483005,1756024881.31866,-796,70,476,H10,32,50.0,4
222989.05221483004,1756024881.31866,-797,67,479,H10,32,50.0,4
222989.07221483003,1756024881.31866,-799,67,478,H10,32,50.0,4
222989.09221483005,1756024881.31866,-801,68,479,H10,32,50.0,4
222989.11221483003,1756024881.31866,-800,69,476,H10,32,50.0,4
222989.13221483005,1756024881.31866,-798,69,475,H10,32,50.0,4
222989.15221483004,1756024881.31866,-798,67,476,H10,32,50.0,4
222989.17221483003,1756024881.31866,-797,65,476,H10,32,50.0,4
222989.19221483005,1756024881.31866,-798,65,480,H10,32,50.0,4
222989.21221483004,1756024881.31866,-799,67,478,H10,32,50.0,4
222989.23221483003,1756024881.31866,-800,64,475,H10,32,50.0,4
222989.25221483005,1756024881.31866,-801,68,475,H10,32,50.0,4
222989.27221483004,1756024881.31866,-800,66,476,H10,32,50.0,4
222989.29221483003,1756024881.31866,-799,67,473,H10,32,50.0,4
222989.31221483005,1756024881.31866,-801,65,475,H10,32,50.0,4
222989.33221483004,1756024881.31866,-799,65,476,H10,32,50.0,4
222989.35221483003,1756024881.31866,-798,64,474,H10,32,50.0,4
222989.37221483004,1756024881.31866,-798,64,478,H10,32,50.0,4
222989.39221483003,1756024881.31866,-801,67,478,H10,32,50.0,4
222989.41221483005,1756024881.31866,-799,68,476,H10,32,50.0,4
222989.43221483004,1756024881.31866,-799,68,477,H10,32,50.0,4
222989.45221483003,1756024881.31866,-799,64,480,H10,32,50.0,4
222989.47221483005,1756024881.31866,-805,69,473,H10,32,50.0,4
222989.49221483004,1756024881.31866,-802,67,471,H10,32,50.0,4
222989.51221483003,1756024881.31866,-797,65,480,H10,32,50.0,4
222989.53221483005,1756024881.31866,-797,62,479,H10,32,50.0,4
222989.55221483004,1756024881.31866,-801,70,481,H10,32,50.0,4
222989.57221483003,1756024881.31866,-803,66,467,H10,32,50.0,4
222989.59221483005,1756024881.31866,-796,67,473,H10,32,50.0,4
222989.61221483003,1756024881.31866,-791,69,481,H10,32,50.0,4
222989.63221483005,1756024881.31866,-798,69,481,H10,32,50.0,4
222989.65221483004,1756024881.31866,-806,65,472,H10,32,50.0,4
222989.67221483003,1756024881.31866,-804,64,473,H10,32,50.0,4
222989.69221483005,1756024881.31866,-800,64,476,H10,32,50.0,4
222989.71282708622,1756024882.038735,-801,67,478,H10,33,50.0,4
222989.7328270862,1756024882.038735,-800,68,477,H10,33,50.0,4
222989.75282708622,1756024882.038735,-801,69,479,H10,33,50.0,4
222989.7728270862,1756024882.038735,-801,68,476,H10,33,50.0,4
222989.7928270862,1756024882.038735,-800,67,477,H10,33,50.0,4
222989.81282708622,1756024882.038735,-800,66,477,H10,33,50.0,4
222989.8328270862,1756024882.038735,-801,66,478,H10,33,50.0,4
222989.85282708623,1756024882.038735,-804,66,475,H10,33,50.0,4
222989.87282708622,1756024882.038735,-801,68,473,H10,33,50.0,4
222989.8928270862,1756024882.038735,-796,67,477,H10,33,50.0,4
222989.91282708623,1756024882.038735,-798,69,479,H10,33,50.0,4
222989.93282708622,1756024882.038735,-801,69,481,H10,33,50.0,4
222989.9528270862,1756024882.038735,-802,67,478,H10,33,50.0,4
222989.97282708623,1756024882.038735,-802,65,475,H10,33,50.0,4
222989.99282708621,1756024882.038735,-801,66,476,H10,33,50.0,4
222990.0128270862,1756024882.038735,-802,69,475,H10,33,50.0,4
222990.03282708622,1756024882.038735,-799,66,474,H10,33,50.0,4
222990.0528270862,1756024882.038735,-799,70,477,H10,33,50.0,4
222990.0728270862,1756024882.038735,-799,68,477,H10,33,50.0,4
222990.09282708622,1756024882.038735,-799,67,477,H10,33,50.0,4
222990.1128270862,1756024882.038735,-800,67,477,H10,33,50.0,4
222990.13282708623,1756024882.038735,-800,68,479,H10,33,50.0,4
222990.15282708622,1756024882.038735,-802,66,478,H10,33,50.0,4
222990.1728270862,1756024882.038735,-800,67,480,H10,33,50.0,4
222990.19282708623,1756024882.038735,-801,67,479,H10,33,50.0,4
222990.21282708622,1756024882.038735,-800,71,478,H10,33,50.0,4
222990.2328270862,1756024882.038735,-799,69,478,H10,33,50.0,4
222990.25282708622,1756024882.038735,-798,65,478,H10,33,50.0,4
222990.2728270862,1756024882.038735,-800,66,477,H10,33,50.0,4
222990.2928270862,1756024882.038735,-801,65,476,H10,33,50.0,4
222990.31282708622,1756024882.038735,-800,68,478,H10,33,50.0,4
222990.3328270862,1756024882.038735,-799,65,480,H10,33,50.0,4
222990.35282708623,1756024882.038735,-799,67,479,H10,33,50.0,4
222990.37282708622,1756024882.038735,-800,65,482,H10,33,50.0,4
222990.3928270862,1756024882.038735,-798,66,480,H10,33,50.0,4
222990.41282708623,1756024882.038735,-799,62,479,H10,33,50.0,4
222990.44529727215,1756024882.771182,-799,67,481,H10,34,50.0,4
222990.46529727214,1756024882.771182,-797,69,481,H10,34,50.0,4
222990.48529727216,1756024882.771182,-796,70,482,H10,34,50.0,4
222990.50529727215,1756024882.771182,-797,65,485,H10,34,50.0,4
222990.52529727214,1756024882.771182,-800,69,481,H10,34,50.0,4
222990.54529727215,1756024882.771182,-800,69,476,H10,34,50.0,4
222990.56529727214,1756024882.771182,-796,65,481,H10,34,50.0,4
222990.58529727216,1756024882.771182,-795,62,482,H10,34,50.0,4
222990.60529727215,1756024882.771182,-793,66,487,H10,34,50.0,4
222990.62529727214,1756024882.771182,-797,67,479,H10,34,50.0,4
222990.64529727216,1756024882.771182,-793,68,482,H10,34,50.0,4
222990.66529727215,1756024882.771182,-788,72,490,H10,34,50.0,4
222990.68529727214,1756024882.771182,-794,70,491,H10,34,50.0,4
222990.70529727216,1756024882.771182,-803,69,485,H10,34,50.0,4
222990.72529727215,1756024882.771182,-803,69,480,H10,34,50.0,4
222990.74529727214,1756024882.771182,-796,67,480,H10,34,50.0,4
222990.76529727216,1756024882.771182,-794,68,484,H10,34,50.0,4
222990.78529727214,1756024882.771182,-792,68,486,H10,34,50.0,4
222990.80529727213,1756024882.771182,-794,70,486,H10,34,50.0,4
222990.82529727215,1756024882.771182,-793,72,489,H10,34,50.0,4
222990.84529727214,1756024882.771182,-793,70,486,H10,34,50.0,4
222990.86529727216,1756024882.771182,-794,71,488,H10,34,50.0,4
222990.88529727215,1756024882.771182,-793,70,490,H10,34,50.0,4
222990.90529727214,1756024882.771182,-797,70,490,H10,34,50.0,4
222990.92529727216,1756024882.771182,-797,66,480,H10,34,50.0,4
222990.94529727215,1756024882.771182,-788,68,488,H10,34,50.0,4
222990.96529727214,1756024882.771182,-788,72,491,H10,34,50.0,4
222990.98529727216,1756024882.771182,-792,69,493,H10,34,50.0,4
222991.00529727215,1756024882.771182,-793,71,492,H10,34,50.0,4
222991.02529727214,1756024882.771182,-795,69,489,H10,34,50.0,4
222991.04529727215,1756024882.771182,-794,68,490,H10,34,50.0,4
222991.06529727214,1756024882.771182,-793,69,491,H10,34,50.0,4
222991.08529727216,1756024882.771182,-791,71,489,H10,34,50.0,4
222991.10529727215,1756024882.771182,-791,70,491,H10,34,50.0,4
222991.12529727214,1756024882.771182,-791,70,489,H10,34,50.0,4
222991.14529727216,1756024882.771182,-790,73,492,H10,34,50.0,4
222991.1567351032,1756024883.480926,-790,73,494,H10,35,50.0,4
222991.1767351032,1756024883.480926,-790,73,491,H10,35,50.0,4
222991.1967351032,1756024883.480926,-790,74,490,H10,35,50.0,4
222991.2167351032,1756024883.480926,-789,69,491,H10,35,50.0,4
222991.2367351032,1756024883.480926,-788,73,488,H10,35,50.0,4
222991.2567351032,1756024883.480926,-787,71,487,H10,35,50.0,4
222991.2767351032,1756024883.480926,-787,72,486,H10,35,50.0,4
222991.2967351032,1756024883.480926,-787,74,485,H10,35,50.0,4
222991.3167351032,1756024883.480926,-790,73,487,H10,35,50.0,4
222991.3367351032,1756024883.480926,-790,74,489,H10,35,50.0,4
222991.3567351032,1756024883.480926,-793,72,491,H10,35,50.0,4
222991.3767351032,1756024883.480926,-791,70,491,H10,35,50.0,4
222991.3967351032,1756024883.480926,-792,71,492,H10,35,50.0,4
222991.4167351032,1756024883.480926,-791,68,491,H10,35,50.0,4
222991.4367351032,1756024883.480926,-791,68,493,H10,35,50.0,4
222991.4567351032,1756024883.480926,-792,70,491,H10,35,50.0,4
222991.4767351032,1756024883.480926,-791,72,494,H10,35,50.0,4
222991.4967351032,1756024883.480926,-790,75,495,H10,35,50.0,4
222991.51673510319,1756024883.480926,-792,72,491,H10,35,50.0,4
222991.5367351032,1756024883.480926,-791,73,494,H10,35,50.0,4
222991.5567351032,1756024883.480926,-794,75,490,H10,35,50.0,4
222991.5767351032,1756024883.480926,-797,73,486,H10,35,50.0,4
222991.5967351032,1756024883.480926,-793,68,484,H10,35,50.0,4
222991.6167351032,1756024883.480926,-788,68,491,H10,35,50.0,4
222991.6367351032,1756024883.480926,-790,75,494,H10,35,50.0,4
222991.6567351032,1756024883.480926,-794,72,485,H10,35,50.0,4
222991.6767351032,1756024883.480926,-792,73,488,H10,35,50.0,4
222991.6967351032,1756024883.480926,-788,74,496,H10,35,50.0,4
222991.7167351032,1756024883.480926,-795,75,492,H10,35,50.0,4
222991.7367351032,1756024883.480926,-800,74,484,H10,35,50.0,4
222991.7567351032,1756024883.480926,-798,71,483,H10,35,50.0,4
222991.7767351032,1756024883.480926,-793,70,483,H10,35,50.0,4
222991.7967351032,1756024883.480926,-790,71,486,H10,35,50.0,4
222991.8167351032,1756024883.480926,-793,72,489,H10,35,50.0,4
222991.8367351032,1756024883.480926,-795,72,488,H10,35,50.0,4
222991.8567351032,1756024883.480926,-796,72,488,H10,35,50.0,4
222991.8849647419,1756024884.199479,-798,70,485,H10,36,50.0,4
222991.9049647419,1756024884.199479,-794,70,487,H10,36,50.0,4
222991.92496474192,1756024884.199479,-797,71,487,H10,36,50.0,4
222991.9449647419,1756024884.199479,-800,70,482,H10,36,50.0,4
222991.9649647419,1756024884.199479,-797,68,479,H10,36,50.0,4
222991.98496474192,1756024884.199479,-792,70,486,H10,36,50.0,4
222992.0049647419,1756024884.199479,-792,72,489,H10,36,50.0,4
222992.02496474193,1756024884.199479,-795,71,487,H10,36,50.0,4
222992.04496474192,1756024884.199479,-798,72,486,H10,36,50.0,4
222992.0649647419,1756024884.199479,-799,68,484,H10,36,50.0,4
222992.08496474192,1756024884.199479,-798,67,484,H10,36,50.0,4
222992.1049647419,1756024884.199479,-797,67,480,H10,36,50.0,4
222992.1249647419,1756024884.199479,-797,72,479,H10,36,50.0,4
222992.14496474192,1756024884.199479,-797,70,481,H10,36,50.0,4
222992.1649647419,1756024884.199479,-797,71,481,H10,36,50.0,4
222992.1849647419,1756024884.199479,-797,70,482,H10,36,50.0,4
222992.20496474192,1756024884.199479,-800,70,482,H10,36,50.0,4
222992.2249647419,1756024884.199479,-799,71,482,H10,36,50.0,4
222992.2449647419,1756024884.199479,-797,71,482,H10,36,50.0,4
222992.26496474192,1756024884.199479,-797,71,480,H10,36,50.0,4
222992.2849647419,1756024884.199479,-796,72,480,H10,36,50.0,4
222992.30496474192,1756024884.199479,-799,69,481,H10,36,50.0,4
222992.3249647419,1756024884.199479,-797,71,480,H10,36,50.0,4
222992.3449647419,1756024884.199479,-796,72,478,H10,36,50.0,4
222992.36496474192,1756024884.199479,-798,71,479,H10,36,50.0,4
222992.3849647419,1756024884.199479,-799,69,479,H10,36,50.0,4
222992.4049647419,1756024884.199479,-800,69,481,H10,36,50.0,4
222992.42496474192,1756024884.199479,-797,67,478,H10,36,50.0,4
222992.4449647419,1756024884.199479,-801,66,479,H10,36,50.0,4
222992.4649647419,1756024884.199479,-799,70,480,H10,36,50.0,4
222992.48496474192,1756024884.199479,-799,71,477,H10,36,50.0,4
222992.5049647419,1756024884.199479,-799,68,479,H10,36,50.0,4
222992.52496474193,1756024884.199479,-798,69,479,H10,36,50.0,4
222992.54496474192,1756024884.199479,-798,70,479,H10,36,50.0,4
222992.5649647419,1756024884.199479,-798,72,479,H10,36,50.0,4
222992.58496474192,1756024884.199479,-799,69,479,H10,36,50.0,4
222992.6391561574,1756024884.9653192,-798,66,480,H10,37,50.0,4
222992.6591561574,1756024884.9653192,-801,72,475,H10,37,50.0,4
222992.67915615742,1756024884.9653192,-802,73,472,H10,37,50.0,4
222992.6991561574,1756024884.9653192,-796,66,480,H10,37,50.0,4
222992.7191561574,1756024884.9653192,-795,62,483,H10,37,50.0,4
222992.73915615742,1756024884.9653192,-801,70,482,H10,37,50.0,4
222992.7591561574,1756024884.9653192,-804,70,472,H10,37,50.0,4
222992.77915615743,1756024884.9653192,-799,68,473,H10,37,50.0,4
222992.79915615742,1756024884.9653192,-792,69,482,H10,37,50.0,4
222992.8191561574,1756024884.9653192,-796,72,482,H10,37,50.0,4
222992.83915615742,1756024884.9653192,-803,68,473,H10,37,50.0,4
222992.8591561574,1756024884.9653192,-803,65,470,H10,37,50.0,4
222992.8791561574,1756024884.9653192,-800,66,473,H10,37,50.0,4
222992.89915615742,1756024884.9653192,-798,66,476,H10,37,50.0,4
222992.9191561574,1756024884.9653192,-797,72,477,H10,37,50.0,4
222992.9391561574,1756024884.9653192,-799,71,478,H10,37,50.0,4
222992.95915615742,1756024884.9653192,-802,67,479,H10,37,50.0,4
222992.9791561574,1756024884.9653192,-804,68,477,H10,37,50.0,4
222992.9991561574,1756024884.9653192,-802,69,476,H10,37,50.0,4
222993.01915615742,1756024884.9653192,-799,68,475,H10,37,50.0,4
222993.0391561574,1756024884.9653192,-801,68,476,H10,37,50.0,4
222993.05915615743,1756024884.9653192,-799,65,473,H10,37,50.0,4
222993.07915615742,1756024884.9653192,-797,69,476,H10,37,50.0,4
222993.0991561574,1756024884.9653192,-796,70,478,H10,37,50.0,4
222993.11915615742,1756024884.9653192,-799,69,480,H10,37,50.0,4
222993.1391561574,1756024884.9653192,-801,68,479,H10,37,50.0,4
222993.1591561574,1756024884.9653192,-802,68,478,H10,37,50.0,4
222993.17915615742,1756024884.9653192,-801,70,475,H10,37,50.0,4
222993.1991561574,1756024884.9653192,-801,69,472,H10,37,50.0,4
222993.2191561574,1756024884.9653192,-798,72,472,H10,37,50.0,4
222993.23915615742,1756024884.9653192,-797,72,473,H10,37,50.0,4
222993.2591561574,1756024884.9653192,-797,72,474,H10,37,50.0,4
222993.27915615743,1756024884.9653192,-798,69,476,H10,37,50.0,4
222993.29915615742,1756024884.9653192,-800,71,478,H10,37,50.0,4
222993.3191561574,1756024884.9653192,-803,70,477,H10,37,50.0,4
222993.33915615742,1756024884.9653192,-802,67,475,H10,37,50.0,4
222993.26737998886,1756024885.593502,-801,70,476,H10,38,50.0,4
222993.28737998885,1756024885.593502,-799,70,477,H10,38,50.0,4
222993.30737998887,1756024885.593502,-800,71,477,H10,38,50.0,4
222993.32737998886,1756024885.593502,-800,69,476,H10,38,50.0,4
222993.34737998885,1756024885.593502,-800,68,474,H10,38,50.0,4
222993.36737998886,1756024885.593502,-799,67,475,H10,38,50.0,4
222993.38737998885,1756024885.593502,-800,69,474,H10,38,50.0,4
222993.40737998887,1756024885.593502,-799,67,476,H10,38,50.0,4
222993.42737998886,1756024885.593502,-803,67,475,H10,38,50.0,4
222993.44737998885,1756024885.593502,-801,68,476,H10,38,50.0,4
222993.46737998887,1756024885.593502,-800,69,476,H10,38,50.0,4
222993.48737998886,1756024885.593502,-798,71,474,H10,38,50.0,4
222993.50737998885,1756024885.593502,-799,68,475,H10,38,50.0,4
222993.52737998887,1756024885.593502,-800,68,477,H10,38,50.0,4
222993.54737998886,1756024885.593502,-801,70,475,H10,38,50.0,4
222993.56737998885,1756024885.593502,-799,72,477,H10,38,50.0,4
222993.58737998886,1756024885.593502,-800,72,477,H10,38,50.0,4
222993.60737998885,1756024885.593502,-797,68,478,H10,38,50.0,4
222993.62737998884,1756024885.593502,-803,70,473,H10,38,50.0,4
222993.64737998886,1756024885.593502,-807,71,468,H10,38,50.0,4
222993.66737998885,1756024885.593502,-798,68,476,H10,38,50.0,4
222993.68737998887,1756024885.593502,-796,64,478,H10,38,50.0,4
222993.70737998886,1756024885.593502,-799,65,479,H10,38,50.0,4
222993.72737998885,1756024885.593502,-802,69,470,H10,38,50.0,4
222993.74737998887,1756024885.593502,-801,69,469,H10,38,50.0,4
222993.76737998886,1756024885.593502,-795,71,480,H10,38,50.0,4
222993.78737998885,1756024885.593502,-796,70,481,H10,38,50.0,4
222993.80737998887,1756024885.593502,-803,68,475,H10,38,50.0,4
222993.82737998886,1756024885.593502,-806,68,471,H10,38,50.0,4
222993.84737998885,1756024885.593502,-801,67,471,H10,38,50.0,4
222993.86737998886,1756024885.593502,-799,68,475,H10,38,50.0,4
222993.88737998885,1756024885.593502,-801,70,476,H10,38,50.0,4
222993.90737998887,1756024885.593502,-802,70,476,H10,38,50.0,4
222993.92737998886,1756024885.593502,-801,72,477,H10,38,50.0,4
222993.94737998885,1756024885.593502,-801,71,475,H10,38,50.0,4
222993.96737998887,1756024885.593502,-800,68,472,H10,38,50.0,4
222993.9874361205,1756024886.313542,-800,66,477,H10,39,50.0,4
222994.00743612048,1756024886.313542,-803,65,477,H10,39,50.0,4
222994.0274361205,1756024886.313542,-803,67,473,H10,39,50.0,4
222994.04743612048,1756024886.313542,-797,65,476,H10,39,50.0,4
222994.06743612047,1756024886.313542,-797,69,477,H10,39,50.0,4
222994.0874361205,1756024886.313542,-802,67,479,H10,39,50.0,4
222994.10743612048,1756024886.313542,-804,68,477,H10,39,50.0,4
222994.1274361205,1756024886.313542,-803,65,474,H10,39,50.0,4
222994.1474361205,1756024886.313542,-803,65,472,H10,39,50.0,4
222994.16743612048,1756024886.313542,-801,68,469,H10,39,50.0,4
222994.1874361205,1756024886.313542,-797,68,470,H10,39,50.0,4
222994.2074361205,1756024886.313542,-796,73,475,H10,39,50.0,4
222994.22743612048,1756024886.313542,-797,74,477,H10,39,50.0,4
222994.2474361205,1756024886.313542,-799,73,480,H10,39,50.0,4
222994.26743612048,1756024886.313542,-805,70,477,H10,39,50.0,4
222994.28743612047,1756024886.313542,-807,68,476,H10,39,50.0,4
222994.3074361205,1756024886.313542,-803,70,472,H10,39,50.0,4
222994.32743612048,1756024886.313542,-801,70,472,H10,39,50.0,4
222994.34743612047,1756024886.313542,-800,70,473,H10,39,50.0,4
222994.3674361205,1756024886.313542,-798,69,473,H10,39,50.0,4
222994.38743612048,1756024886.313542,-797,71,473,H10,39,50.0,4
222994.4074361205,1756024886.313542,-801,71,475,H10,39,50.0,4
222994.4274361205,1756024886.313542,-801,73,477,H10,39,50.0,4
222994.44743612048,1756024886.313542,-801,73,477,H10,39,50.0,4
222994.4674361205,1756024886.313542,-801,71,476,H10,39,50.0,4
222994.4874361205,1756024886.313542,-803,67,478,H10,39,50.0,4
222994.50743612048,1756024886.313542,-801,68,476,H10,39,50.0,4
222994.5274361205,1756024886.313542,-800,65,477,H10,39,50.0,4
222994.54743612048,1756024886.313542,-801,61,477,H10,39,50.0,4
222994.56743612047,1756024886.313542,-800,63,478,H10,39,50.0,4
222994.5874361205,1756024886.313542,-800,66,477,H10,39,50.0,4
222994.60743612048,1756024886.313542,-802,67,478,H10,39,50.0,4
222994.6274361205,1756024886.313542,-803,71,476,H10,39,50.0,4
222994.6474361205,1756024886.313542,-802,70,477,H10,39,50.0,4
222994.66743612048,1756024886.313542,-797,68,479,H10,39,50.0,4
222994.6874361205,1756024886.313542,-803,71,477,H10,39,50.0,4
222994.71075546334,1756024887.035471,-809,70,470,H10,40,50.0,4
222994.73075546333,1756024887.035471,-797,72,478,H10,40,50.0,4
222994.75075546335,1756024887.035471,-798,69,483,H10,40,50.0,4
222994.77075546334,1756024887.035471,-799,71,485,H10,40,50.0,4
222994.79075546333,1756024887.035471,-805,71,474,H10,40,50.0,4
222994.81075546335,1756024887.035471,-802,63,472,H10,40,50.0,4
222994.83075546334,1756024887.035471,-793,62,479,H10,40,50.0,4
222994.85075546335,1756024887.035471,-794,64,482,H10,40,50.0,4
222994.87075546334,1756024887.035471,-798,71,479,H10,40,50.0,4
222994.89075546333,1756024887.035471,-804,72,476,H10,40,50.0,4
222994.91075546335,1756024887.035471,-799,72,474,H10,40,50.0,4
222994.93075546334,1756024887.035471,-793,74,477,H10,40,50.0,4
222994.95075546333,1756024887.035471,-790,77,481,H10,40,50.0,4
222994.97075546335,1756024887.035471,-793,75,482,H10,40,50.0,4
222994.99075546334,1756024887.035471,-797,72,484,H10,40,50.0,4
222995.01075546333,1756024887.035471,-800,68,486,H10,40,50.0,4
222995.03075546335,1756024887.035471,-800,65,484,H10,40,50.0,4
222995.05075546334,1756024887.035471,-797,70,485,H10,40,50.0,4
222995.07075546333,1756024887.035471,-800,69,482,H10,40,50.0,4
222995.09075546334,1756024887.035471,-799,67,474,H10,40,50.0,4
222995.11075546333,1756024887.035471,-792,68,479,H10,40,50.0,4
222995.13075546335,1756024887.035471,-792,71,482,H10,40,50.0,4
222995.15075546334,1756024887.035471,-792,73,484,H10,40,50.0,4
222995.17075546333,1756024887.035471,-795,69,485,H10,40,50.0,4
222995.19075546335,1756024887.035471,-796,68,483,H10,40,50.0,4
222995.21075546334,1756024887.035471,-796,68,484,H10,40,50.0,4
222995.23075546333,1756024887.035471,-795,69,486,H10,40,50.0,4
222995.25075546335,1756024887.035471,-795,70,487,H10,40,50.0,4
222995.27075546334,1756024887.035471,-794,70,489,H10,40,50.0,4
222995.29075546333,1756024887.035471,-793,71,487,H10,40,50.0,4
222995.31075546335,1756024887.035471,-792,70,486,H10,40,50.0,4
222995.33075546334,1756024887.035471,-792,72,488,H10,40,50.0,4
222995.35075546335,1756024887.035471,-793,71,488,H10,40,50.0,4
222995.37075546334,1756024887.035471,-795,69,487,H10,40,50.0,4
222995.39075546333,1756024887.035471,-792,72,488,H10,40,50.0,4
222995.41075546335,1756024887.035471,-792,71,488,H10,40,50.0,4
222995.4511169481,1756024887.755817,-794,72,486,H10,41,50.0,4
222995.4711169481,1756024887.755817,-794,72,486,H10,41,50.0,4
222995.4911169481,1756024887.755817,-794,72,488,H10,41,50.0,4
222995.5111169481,1756024887.755817,-793,72,489,H10,41,50.0,4
222995.53111694808,1756024887.755817,-792,74,489,H10,41,50.0,4
222995.5511169481,1756024887.755817,-790,72,489,H10,41,50.0,4
222995.5711169481,1756024887.755817,-789,72,489,H10,41,50.0,4
222995.5911169481,1756024887.755817,-790,70,491,H10,41,50.0,4
222995.6111169481,1756024887.755817,-790,70,489,H10,41,50.0,4
222995.6311169481,1756024887.755817,-791,70,490,H10,41,50.0,4
222995.6511169481,1756024887.755817,-789,70,491,H10,41,50.0,4
222995.6711169481,1756024887.755817,-790,71,491,H10,41,50.0,4
222995.6911169481,1756024887.755817,-789,70,488,H10,41,50.0,4
222995.7111169481,1756024887.755817,-790,70,483,H10,41,50.0,4
222995.7311169481,1756024887.755817,-789,71,484,H10,41,50.0,4
222995.7511169481,1756024887.755817,-790,74,480,H10,41,50.0,4
222995.7711169481,1756024887.755817,-791,67,476,H10,41,50.0,4
222995.7911169481,1756024887.755817,-784,66,480,H10,41,50.0,4
222995.81111694808,1756024887.755817,-780,68,498,H10,41,50.0,4
222995.8311169481,1756024887.755817,-789,73,491,H10,41,50.0,4
222995.8511169481,1756024887.755817,-793,71,484,H10,41,50.0,4
222995.8711169481,1756024887.755817,-789,73,494,H10,41,50.0,4
222995.8911169481,1756024887.755817,-791,70,496,H10,41,50.0,4
222995.9111169481,1756024887.755817,-797,69,489,H10,41,50.0,4
222995.9311169481,1756024887.755817,-797,72,484,H10,41,50.0,4
222995.9511169481,1756024887.755817,-791,69,483,H10,41,50.0,4
222995.9711169481,1756024887.755817,-788,67,485,H10,41,50.0,4
222995.9911169481,1756024887.755817,-789,71,488,H10,41,50.0,4
222996.0111169481,1756024887.755817,-793,72,489,H10,41,50.0,4
222996.03111694808,1756024887.755817,-794,75,487,H10,41,50.0,4
222996.0511169481,1756024887.755817,-795,76,486,H10,41,50.0,4
222996.0711169481,1756024887.755817,-793,70,489,H10,41,50.0,4
222996.0911169481,1756024887.755817,-794,72,491,H10,41,50.0,4
222996.1111169481,1756024887.755817,-795,70,487,H10,41,50.0,4
222996.1311169481,1756024887.755817,-796,68,484,H10,41,50.0,4
222996.1511169481,1756024887.755817,-792,69,484,H10,41,50.0,4
222996.15118051786,1756024888.47431,-789,72,491,H10,42,50.0,4
222996.17118051785,1756024888.47431,-793,72,492,H10,42,50.0,4
222996.19118051787,1756024888.47431,-796,72,492,H10,42,50.0,4
222996.21118051786,1756024888.47431,-794,74,489,H10,42,50.0,4
222996.23118051785,1756024888.47431,-795,71,485,H10,42,50.0,4
222996.25118051787,1756024888.47431,-795,71,482,H10,42,50.0,4
222996.27118051786,1756024888.47431,-794,71,482,H10,42,50.0,4
222996.29118051787,1756024888.47431,-791,71,483,H10,42,50.0,4
222996.31118051786,1756024888.47431,-793,71,483,H10,42,50.0,4
222996.33118051785,1756024888.47431,-794,71,483,H10,42,50.0,4
222996.35118051787,1756024888.47431,-796,70,483,H10,42,50.0,4
222996.37118051786,1756024888.47431,-796,70,484,H10,42,50.0,4
222996.39118051785,1756024888.47431,-796,71,483,H10,42,50.0,4
222996.41118051787,1756024888.47431,-796,70,483,H10,42,50.0,4
222996.43118051786,1756024888.47431,-795,72,482,H10,42,50.0,4
222996.45118051785,1756024888.47431,-797,70,484,H10,42,50.0,4
222996.47118051787,1756024888.47431,-796,71,484,H10,42,50.0,4
222996.49118051786,1756024888.47431,-799,72,483,H10,42,50.0,4
222996.51118051785,1756024888.47431,-797,72,482,H10,42,50.0,4
222996.53118051786,1756024888.47431,-797,72,481,H10,42,50.0,4
222996.55118051785,1756024888.47431,-796,69,481,H10,42,50.0,4
222996.57118051787,1756024888.47431,-797,71,481,H10,42,50.0,4
222996.59118051786,1756024888.47431,-798,72,477,H10,42,50.0,4
222996.61118051785,1756024888.47431,-798,70,477,H10,42,50.0,4
222996.63118051787,1756024888.47431,-797,68,480,H10,42,50.0,4
222996.65118051786,1756024888.47431,-797,70,479,H10,42,50.0,4
222996.67118051785,1756024888.47431,-796,74,480,H10,42,50.0,4
222996.69118051787,1756024888.47431,-797,75,479,H10,42,50.0,4
222996.71118051786,1756024888.47431,-797,73,481,H10,42,50.0,4
222996.73118051785,1756024888.47431,-798,70,479,H10,42,50.0,4
222996.75118051787,1756024888.47431,-802,72,476,H10,42,50.0,4
222996.77118051786,1756024888.47431,-799,71,473,H10,42,50.0,4
222996.79118051787,1756024888.47431,-796,65,479,H10,42,50.0,4
222996.81118051786,1756024888.47431,-795,62,483,H10,42,50.0,4
222996.83118051785,1756024888.47431,-801,71,477,H10,42,50.0,4
222996.85118051787,1756024888.47431,-800,71,470,H10,42,50.0,4
222996.86795231217,1756024889.193557,-794,72,476,H10,43,50.0,4
222996.88795231216,1756024889.193557,-792,74,484,H10,43,50.0,4
222996.90795231218,1756024889.193557,-797,74,481,H10,43,50.0,4
222996.92795231217,1756024889.193557,-803,70,472,H10,43,50.0,4
222996.94795231216,1756024889.193557,-803,67,473,H10,43,50.0,4
222996.96795231217,1756024889.193557,-800,64,473,H10,43,50.0,4
222996.98795231216,1756024889.193557,-797,68,477,H10,43,50.0,4
222997.00795231218,1756024889.193557,-798,71,477,H10,43,50.0,4
222997.02795231217,1756024889.193557,-800,70,478,H10,43,50.0,4
222997.04795231216,1756024889.193557,-801,72,478,H10,43,50.0,4
222997.06795231218,1756024889.193557,-800,71,476,H10,43,50.0,4
222997.08795231217,1756024889.193557,-803,70,475,H10,43,50.0,4
222997.10795231216,1756024889.193557,-801,69,478,H10,43,50.0,4
222997.12795231218,1756024889.193557,-805,68,476,H10,43,50.0,4
222997.14795231217,1756024889.193557,-801,66,471,H10,43,50.0,4
222997.16795231216,1756024889.193557,-796,68,477,H10,43,50.0,4
222997.18795231218,1756024889.193557,-797,69,480,H10,43,50.0,4
222997.20795231216,1756024889.193557,-799,70,479,H10,43,50.0,4
222997.22795231215,1756024889.193557,-802,68,477,H10,43,50.0,4
222997.24795231217,1756024889.193557,-803,69,478,H10,43,50.0,4
222997.26795231216,1756024889.193557,-802,69,473,H10,43,50.0,4
222997.28795231218,1756024889.193557,-799,70,473,H10,43,50.0,4
222997.30795231217,1756024889.193557,-798,71,475,H10,43,50.0,4
222997.32795231216,1756024889.193557,-799,69,475,H10,43,50.0,4
222997.34795231218,1756024889.193557,-799,70,475,H10,43,50.0,4
222997.36795231217,1756024889.193557,-798,70,476,H10,43,50.0,4
222997.38795231216,1756024889.193557,-801,68,475,H10,43,50.0,4
222997.40795231218,1756024889.193557,-802,69,475,H10,43,50.0,4
222997.42795231217,1756024889.193557,-802,70,473,H10,43,50.0,4
222997.44795231216,1756024889.193557,-799,70,473,H10,43,50.0,4
222997.46795231217,1756024889.193557,-798,71,475,H10,43,50.0,4
222997.48795231216,1756024889.193557,-799,71,475,H10,43,50.0,4
222997.50795231218,1756024889.193557,-800,70,475,H10,43,50.0,4
222997.52795231217,1756024889.193557,-800,69,476,H10,43,50.0,4
222997.54795231216,1756024889.193557,-800,70,473,H10,43,50.0,4
222997.56795231218,1756024889.193557,-800,67,474,H10,43,50.0,4
